Submission id,Participant id,Status,Started at,Completed at,Reviewed at,Archived at,Time taken,Completion code,Total approvals,Fluent languages,Age,Sex,Ethnicity simplified,Country of birth,Country of residence,Nationality,Language,Student status,Employment status,Custom study tncs accepted at
6419a9f27e85bb0a0a21e6c4,60dca369b9600da1094e4dd9,APPROVED,2023-03-21T12:58:32.503000Z,2023-03-21T14:23:00.165000Z,2023-03-23T21:18:02.912000Z,2023-03-21T14:23:00.519118Z,5068.0,C1EYG692,284,"English, French, Portuguese",38,Male,White,Portugal,Portugal,Portugal,Portuguese,No,Full-Time,
6419a9f4693e1bd2fb1196e4,602fc5844525b3d343303a2a,APPROVED,2023-03-21T12:58:59.036000Z,2023-03-21T14:03:15.205000Z,2023-03-23T21:18:45.377000Z,2023-03-21T14:03:15.602461Z,3857.0,C1EYG692,252,"English, Portuguese",22,Female,White,Portugal,Portugal,Portugal,Portuguese,Yes,Part-Time,
6419a9fd543c6dfa177aa7e4,5b576109d1b3720001da81f1,APPROVED,2023-03-21T12:59:54.170000Z,2023-03-21T14:55:00.193000Z,2023-03-23T21:19:45.975000Z,2023-03-21T14:55:00.908132Z,6907.0,C1EYG692,521,"Portuguese, English",42,Male,White,Portugal,Portugal,Portugal,Portuguese,No,Other,
6419a9fe96549d7249180174,5e918b7bf9c9d14abca01622,APPROVED,2023-03-21T12:59:33.678000Z,2023-03-21T14:12:23.211000Z,2023-03-23T21:19:20.800000Z,2023-03-21T14:12:23.618988Z,4370.0,C1EYG692,337,"English, Polish",30,Male,White,Poland,Poland,Poland,Polish,No,Full-Time,
641a35d1161b227eed4c9e9d,61717173748006894b2b54ff,APPROVED,2023-03-21T22:56:10.240000Z,2023-03-22T00:20:56.765000Z,2023-03-23T21:20:42.641000Z,2023-03-22T00:20:57.158359Z,5087.0,C1EYG692,519,"Hungarian, English",19,Male,White,Hungary,Hungary,Hungary,Hungarian,No,Full-Time,
641a35d14ce6370915dd123f,608c349d8e7f57e8f84d3a27,RETURNED,2023-03-21T22:55:13.465000Z,,,2025-05-21T22:26:31.626242Z,,,654,CONSENT_REVOKED,CONSENT_REVOKED,CONSENT_REVOKED,CONSENT_REVOKED,CONSENT_REVOKED,CONSENT_REVOKED,CONSENT_REVOKED,CONSENT_REVOKED,CONSENT_REVOKED,CONSENT_REVOKED,Not Applicable
641a35d34ab4af6b74ec0999,610cda1332fb63830158c55d,APPROVED,2023-03-21T22:55:15.585000Z,2023-03-21T23:04:38.333000Z,2023-03-23T21:20:13.760000Z,2023-03-21T23:04:38.763293Z,563.0,NOCODE,684,"English, Polish",21,Male,White,Poland,Poland,Poland,Polish,DATA_EXPIRED,DATA_EXPIRED,
641a38de7c72aed96b8734d2,5f9aba6600cdf11f1c9b915c,TIMED-OUT,2023-03-21T23:08:14.271000Z,,,2025-05-21T22:26:31.627511Z,68426298.0,,1207,"Russian, Portuguese, Polish, English, German",20,Male,White,Poland,Poland,Poland,Polish,DATA_EXPIRED,DATA_EXPIRED,Not Applicable
641a682c41efd7d0be50ceff,613a972033d79df11a6570de,RETURNED,2023-03-22T02:30:23.370000Z,,,2025-05-21T22:26:31.629518Z,,,1541,CONSENT_REVOKED,CONSENT_REVOKED,CONSENT_REVOKED,CONSENT_REVOKED,CONSENT_REVOKED,CONSENT_REVOKED,CONSENT_REVOKED,CONSENT_REVOKED,CONSENT_REVOKED,CONSENT_REVOKED,Not Applicable
641a6ed972f7677b064c9eb4,5f6214a59413141f7cb2508c,TIMED-OUT,2023-03-22T02:58:33.782000Z,,,2025-05-21T22:26:31.633129Z,68412478.0,,677,"Dutch, English, French, German, Polish",23,Male,White,Poland,Poland,Poland,Polish,DATA_EXPIRED,DATA_EXPIRED,Not Applicable
641a9ce4af428a662450cee3,612ba6c594a6d54154a88ae7,APPROVED,2023-03-22T06:15:00.653000Z,2023-03-22T08:42:50.772000Z,2023-03-23T21:21:07.328000Z,2023-03-22T08:42:51.337512Z,8871.0,NOCODE,681,"English, Polish",21,Female,White,Poland,Poland,Poland,Polish,DATA_EXPIRED,DATA_EXPIRED,
641cc5354de2e16ebb3f497d,5c573e54e9813700018acc31,APPROVED,2023-03-23T21:31:33.778000Z,2023-03-23T23:58:14.793000Z,2023-03-27T16:50:33.314000Z,2023-03-23T23:58:15.345495Z,8802.0,C1EYG692,811,"English, Portuguese",29,Male,White,Portugal,Portugal,Portugal,Portuguese,Yes,Full-Time,
641cc5358134d3f47cb0e100,5a520774eedc3200014206b4,APPROVED,2023-03-23T21:32:17.070000Z,2023-03-23T23:02:45.285000Z,2023-03-27T16:48:45.063000Z,2023-03-23T23:02:45.721246Z,5429.0,C1EYG692,80,"Italian, English, French, Spanish",41,Male,White,Italy,Italy,Italy,Italian,No,Full-Time,
641cc535d19048d7ee9949e5,55b2d3f2fdf99b525bc839aa,APPROVED,2023-03-23T21:31:40.503000Z,2023-03-23T23:06:34.549000Z,2023-03-27T16:49:47.268000Z,2023-03-23T23:06:34.983784Z,5695.0,C1EYG692,1957,"English, Spanish",35,Male,DATA_EXPIRED,United States,United States,United States,English,DATA_EXPIRED,DATA_EXPIRED,
644014a72cfe9a9955a387d7,5c4b06903566570001309394,APPROVED,2023-04-19T16:20:08.547000Z,2023-04-19T17:35:09.812000Z,2023-04-25T17:20:06.985000Z,2023-04-19T17:35:10.175278Z,4502.0,C1EYG692,298,"English, Croatian, Slovenian, Spanish",22,Female,White,Slovenia,Slovenia,Slovenia,Slovenian,Yes,Part-Time,
644014a7d5044b6b1735d1e8,5f761e5106b786071f45b4aa,APPROVED,2023-04-19T16:19:51.509000Z,2023-04-25T17:42:56.688000Z,2023-04-25T17:42:56.984000Z,2025-05-21T22:26:31.635675Z,523386.0,Manual Completion,898,DATA_EXPIRED,DATA_EXPIRED,DATA_EXPIRED,DATA_EXPIRED,DATA_EXPIRED,DATA_EXPIRED,DATA_EXPIRED,DATA_EXPIRED,DATA_EXPIRED,DATA_EXPIRED,Not Applicable
644014a85b525ba917412c81,5fa23c9b64b18a4067cc842e,APPROVED,2023-04-19T16:20:14.372000Z,2023-04-19T17:29:37.636000Z,2023-04-25T17:22:12.315000Z,2023-04-19T17:29:37.998490Z,4164.0,C1EYG692,651,"English, Finnish, Vietnamese",36,Male,Asian,Vietnam,Finland,Vietnam,Vietnamese,DATA_EXPIRED,DATA_EXPIRED,
644040935f32b40c7f464e72,5b8c8e7d0c740e00019d55c3,APPROVED,2023-04-19T19:29:20.724000Z,2023-04-19T20:53:53.752000Z,2023-04-25T17:26:00.845000Z,2023-04-19T20:53:54.307179Z,5074.0,C1EYG692,1288,"English, Spanish",37,Male,Mixed,Mexico,Mexico,Mexico,Spanish,DATA_EXPIRED,DATA_EXPIRED,
6448111013df0cfc37192a98,5dde680c40460edc4a5dc1a2,APPROVED,2023-04-25T17:42:40.361000Z,2023-04-25T18:36:42.760000Z,2023-04-27T23:34:40.684000Z,2023-04-25T18:36:43.165877Z,3243.0,C1EYG692,1187,"Czech, English, French, German, Russian, Slovak",41,Female,White,Czech Republic,Czech Republic,Czech Republic,Czech,Yes,Full-Time,
64481112198f56fa814de106,58aca85e0da7f10001de92d4,APPROVED,2023-04-25T17:44:10.513000Z,2023-04-25T18:47:27.337000Z,2023-04-27T23:34:40.804000Z,2023-04-25T18:47:46.819354Z,3797.0,C1EYG692,361,"Arabic, English",34,Male,White,United States,United Kingdom,United States,English,Yes,Full-Time,
64481112f90fcabb62128151,5d49d17b3dad1f0001e2aba1,RETURNED,2023-04-25T17:42:42.579000Z,,,2025-05-21T22:26:31.638530Z,,,3123,CONSENT_REVOKED,CONSENT_REVOKED,CONSENT_REVOKED,CONSENT_REVOKED,CONSENT_REVOKED,CONSENT_REVOKED,CONSENT_REVOKED,CONSENT_REVOKED,CONSENT_REVOKED,CONSENT_REVOKED,Not Applicable
6448111396a0674a84325ab7,60f43127b2b2e32120869426,APPROVED,2023-04-25T17:50:40.547000Z,2023-04-25T18:38:31.988000Z,2023-04-27T23:34:40.911000Z,2023-04-25T18:38:32.376081Z,2872.0,CV7GKKPV,257,"English, Hungarian",23,Male,White,Hungary,Hungary,Hungary,Hungarian,Yes,Full-Time,
64481113d5fab6ba748e223e,604b169fe4b7991ec08da3a6,APPROVED,2023-04-25T17:42:43.969000Z,2023-04-25T19:10:06.763000Z,2023-04-27T23:34:41.024000Z,2023-04-25T19:10:07.275698Z,5243.0,C1EYG692,1674,"English, German",32,Male,White,Russian Federation,Germany,Germany,German,No,Full-Time,
64481114c7c8b02897eb8d67,602fb33786b077cdbad2d5bb,APPROVED,2023-04-25T17:43:21.454000Z,2023-04-25T19:08:50.934000Z,2023-04-27T23:34:41.135000Z,2023-04-25T19:08:51.306856Z,5130.0,C1EYG692,693,"English, Polish",26,Female,White,Poland,Poland,Poland,Polish,No,Full-Time,
64481114db4dc384cd4f3ae5,5c2c6e432c45d400014a35e3,RETURNED,2023-04-25T17:42:44.417000Z,,,2025-05-21T22:26:31.640778Z,,,9678,CONSENT_REVOKED,CONSENT_REVOKED,CONSENT_REVOKED,CONSENT_REVOKED,CONSENT_REVOKED,CONSENT_REVOKED,CONSENT_REVOKED,CONSENT_REVOKED,CONSENT_REVOKED,CONSENT_REVOKED,Not Applicable
64481262be7995b686a3e2a9,5a541218eedc32000142254b,APPROVED,2023-04-25T17:50:15.919000Z,2023-04-25T19:06:09.236000Z,2023-04-27T23:34:41.242000Z,2023-04-25T19:06:09.631667Z,4554.0,C1EYG692,257,"English, French, Italian, Spanish",39,Female,White,Italy,Italy,Italy,Italian,No,Part-Time,
64640411e9d0537f5e35a7ef,5e5c993cd0394c474f7cc502,APPROVED,2023-05-16T22:33:04.509000Z,2023-05-16T23:43:33.902000Z,2023-05-23T17:53:54.860000Z,2023-05-16T23:43:34.468752Z,4230.0,C1EYG692,676,"Spanish, English",26,Male,Other,Mexico,Mexico,Mexico,Spanish,Yes,Full-Time,
646404143c05e9385fe0876b,5b2a72f7c293b90001732b89,RETURNED,2023-05-16T22:31:03.985000Z,,,2025-05-21T22:26:31.645030Z,,,2348,CONSENT_REVOKED,CONSENT_REVOKED,CONSENT_REVOKED,CONSENT_REVOKED,CONSENT_REVOKED,CONSENT_REVOKED,CONSENT_REVOKED,CONSENT_REVOKED,CONSENT_REVOKED,CONSENT_REVOKED,Not Applicable
64640414c386b7082e7749ff,5eab2dbd0c7a950efa32c3dc,RETURNED,2023-05-16T22:40:44.054000Z,,,2025-05-21T22:26:31.645257Z,,,1430,CONSENT_REVOKED,CONSENT_REVOKED,CONSENT_REVOKED,CONSENT_REVOKED,CONSENT_REVOKED,CONSENT_REVOKED,CONSENT_REVOKED,CONSENT_REVOKED,CONSENT_REVOKED,CONSENT_REVOKED,Not Applicable
646404699f9b8257cad956a3,5b421b9ac2e3810001763252,APPROVED,2023-05-16T22:32:13.782000Z,2023-05-17T00:01:59.358000Z,2023-05-23T17:53:55.062000Z,2023-05-17T00:05:54.636412Z,5386.0,C1EYG692,1916,English,35,Female,Mixed,United Kingdom,United Kingdom,United Kingdom,English,No,Part-Time,
646404799e0e934095701dbb,63d176dbaef5e7827cd86954,APPROVED,2023-05-16T22:32:28.792000Z,2023-05-17T00:28:39.327000Z,2023-05-23T17:53:55.261000Z,2023-05-17T00:28:39.781926Z,6971.0,C1EYG692,868,"English, Spanish",45,Female,White,United States,United States,United States,English,No,Unemployed (and job seeking),
646fc445c55f2d1d89dd04df,5c4cea77889752000156917d,RETURNED,2023-05-25T20:36:00.029000Z,,,2025-05-21T22:26:31.659946Z,,,646,CONSENT_REVOKED,CONSENT_REVOKED,CONSENT_REVOKED,CONSENT_REVOKED,CONSENT_REVOKED,CONSENT_REVOKED,CONSENT_REVOKED,CONSENT_REVOKED,CONSENT_REVOKED,CONSENT_REVOKED,Not Applicable
646fc447a29536d5039c30f6,60476cc0bb649624b9661b87,RETURNED,2023-05-25T20:25:43.073000Z,,,2025-05-21T22:26:31.647214Z,,,112,CONSENT_REVOKED,CONSENT_REVOKED,CONSENT_REVOKED,CONSENT_REVOKED,CONSENT_REVOKED,CONSENT_REVOKED,CONSENT_REVOKED,CONSENT_REVOKED,CONSENT_REVOKED,CONSENT_REVOKED,Not Applicable
646fc449134df8d8223497ba,5a8d8079190420000156435d,APPROVED,2023-05-25T20:25:45.550000Z,2023-05-25T21:54:42.289000Z,2023-05-31T17:04:37.456000Z,2023-05-25T21:54:42.661404Z,5337.0,C1EYG692,3757,"English, Spanish, Greek",39,Male,White,United States,United States,United States,English,DATA_EXPIRED,DATA_EXPIRED,
646fc470512a476d5a902b22,5f653cb18aad310a9ee7c32d,APPROVED,2023-05-25T20:26:25.996000Z,2023-05-25T21:56:22.908000Z,2023-05-31T17:04:37.640000Z,2023-05-25T21:56:23.356549Z,5397.0,C1EYG692,908,English,31,Female,White,United Kingdom,United Kingdom,United Kingdom,English,DATA_EXPIRED,DATA_EXPIRED,
646fc6b0f14aa3e593d21ed6,5bb511c6689fc5000149c703,APPROVED,2023-05-25T20:36:23.961000Z,2023-05-25T22:09:42.406000Z,2023-05-31T17:04:37.802000Z,2023-05-25T22:09:43.112661Z,5599.0,C1EYG692,1095,"English, Spanish",47,Female,Other,Mexico,Mexico,Mexico,Spanish,DATA_EXPIRED,DATA_EXPIRED,
646ff0c38f2da25ea3db1340,5f97e6601f6d0e016087fc91,APPROVED,2023-05-25T23:35:31.925000Z,2023-05-26T01:22:05.716000Z,2023-05-31T17:04:37.932000Z,2023-05-26T01:22:07.916106Z,6394.0,NOCODE,992,"English, Polish, German",29,Male,White,Poland,Poland,Poland,Polish,DATA_EXPIRED,DATA_EXPIRED,
646ff0c48f2da25ea3db1341,6287745dd285a8be832879dc,APPROVED,2023-05-25T23:36:55.972000Z,2023-05-26T00:57:50.251000Z,2023-05-31T17:04:38.071000Z,2023-05-26T00:57:50.939120Z,4855.0,C1EYG692,544,"Bengali, English",32,Male,Asian,Bangladesh,United Kingdom,Bangladesh,Bengali,DATA_EXPIRED,DATA_EXPIRED,
647064e2041adf13453497b3,5f108dea719866356702d26f,APPROVED,2023-05-26T07:50:58.830000Z,2023-05-26T09:52:48.407000Z,2023-05-31T17:04:38.222000Z,2023-05-26T09:52:49.008962Z,7310.0,C1EYG692,782,"English, Polish, German",25,Male,White,Poland,Poland,Poland,Polish,Yes,Full-Time,
647064e3a9fad7a56c5e9c7f,5cd56625e7f4580015c77130,TIMED-OUT,2023-05-26T07:51:08.677000Z,,,2025-05-21T22:26:31.648674Z,62778923.0,,555,"Polish, English",30,Female,White,Poland,Poland,Poland,Polish,No,Full-Time,Not Applicable
6470913338a003e7ffca9b16,644bb856958bf41bdd713868,APPROVED,2023-05-26T11:00:42.620000Z,2023-05-26T12:14:43.531000Z,2023-05-31T17:04:38.363000Z,2023-05-26T12:14:44.144840Z,4441.0,C1EYG692,34,"English, German, Polish",23,Male,White,Poland,Germany,Germany,Polish,Yes,Full-Time,
6477e6aebbd84e6a2950d001,606384c05e79d8623cc05ae8,APPROVED,2023-06-01T00:36:15.807000Z,2023-06-01T02:35:57.047000Z,2023-06-08T23:29:14.381000Z,2023-06-01T02:35:57.435191Z,7182.0,C1EYG692,179,"English, Portuguese",26,Male,White,Portugal,Portugal,Portugal,Portuguese,No,Full-Time,
6477e6aff232b2b159411b43,61210b5c3f465c51a7f4166a,APPROVED,2023-06-01T00:34:13.944000Z,2023-06-01T03:03:04.289000Z,2023-06-08T23:29:14.547000Z,2023-06-01T03:03:04.813333Z,8931.0,C1EYG692,3693,English,38,Female,White,United States,United States,United States,English,No,Full-Time,
6477eb2ffc408d74633e5f99,5d453e8723a5bb0001492546,APPROVED,2023-06-01T00:49:51.099000Z,2023-06-01T02:42:22.195000Z,2023-06-08T23:29:14.692000Z,2023-06-01T02:42:22.618059Z,6752.0,C1EYG692,2472,English,29,Male,White,United States,United States,United States,English,Yes,Full-Time,
6477eb33d3e44750e59dd2c6,60c517bf4ee2c1ea6c7d2c0e,APPROVED,2023-06-01T00:51:08.829000Z,2023-06-01T02:42:13.715000Z,2023-06-08T23:29:14.856000Z,2023-06-01T02:42:14.174668Z,6665.0,C1EYG692,52,"English, Spanish",23,Male,White,Mexico,Mexico,Spain,English,DATA_EXPIRED,Full-Time,
647843250c12b0aa3fe3415e,600abec042ce9902cb63f0a2,RETURNED,2023-06-01T07:16:00.066000Z,,,2025-05-21T22:26:31.653414Z,,,412,CONSENT_REVOKED,CONSENT_REVOKED,CONSENT_REVOKED,CONSENT_REVOKED,CONSENT_REVOKED,CONSENT_REVOKED,CONSENT_REVOKED,CONSENT_REVOKED,CONSENT_REVOKED,CONSENT_REVOKED,Not Applicable
64784325f279d4038f7421c6,5ff4a242cbe069bc27d9278b,APPROVED,2023-06-01T07:05:09.652000Z,2023-06-01T08:45:27.789000Z,2023-06-08T23:29:15.003000Z,2023-06-01T08:45:28.202926Z,6019.0,C1EYG692,894,"English, Italian",46,Male,White,Italy,Italy,Italy,Italian,No,Full-Time,
647845b2f8ed48d5eab939e5,60fc39cce64c39328a7c8904,APPROVED,2023-06-01T07:16:56.747000Z,2023-06-01T08:52:07.736000Z,2023-06-08T23:29:15.145000Z,2023-06-01T08:52:08.374914Z,5711.0,C1EYG692,477,"Polish, English",27,Male,White,Poland,Poland,Poland,Polish,No,Full-Time,
647845c10aa3f76e1f41138a,5ee4a14b578f8a000b384376,APPROVED,2023-06-01T07:16:40.425000Z,2023-06-01T08:45:20.528000Z,2023-06-08T23:29:15.285000Z,2023-06-01T08:45:21.388880Z,5321.0,C1EYG692,226,English,47,Male,White,United Kingdom,United Kingdom,United Kingdom,English,No,Full-Time,
6478ccf17b9bd966e68bbb1e,5f64647e17ef411eb0c20359,APPROVED,2023-06-01T16:53:34.846000Z,2023-06-01T18:33:27.840000Z,2023-06-08T23:29:15.427000Z,2023-06-01T18:33:28.356570Z,5993.0,C1EYG692,230,English,36,Female,White,United Kingdom,United Kingdom,United Kingdom,English,No,Other,
6478ccf1bedc0143cb539a85,631610af8e747093cd90e00d,APPROVED,2023-06-01T16:53:08.703000Z,2023-06-01T18:54:08.128000Z,2023-06-08T23:29:15.569000Z,2023-06-01T18:54:08.576254Z,7260.0,C1EYG692,601,English,38,Male,Mixed,United Kingdom,United Kingdom,United Kingdom,English,No,Full-Time,
6478d0c05c75dff10ff8a958,5d67b6d92b7448000173d95a,APPROVED,2023-06-01T17:15:15.167000Z,2023-06-01T19:20:02.658000Z,2023-06-08T23:29:15.704000Z,2023-06-01T19:20:03.275911Z,7488.0,C1EYG692,903,"English, Spanish",40,Male,Mixed,Spain,Spain,Spain,Spanish,No,Full-Time,
64ee614c79ed870edc9ac714,638af58823dc0ec4b64d0d34,RETURNED,2023-08-29T21:21:16.005000Z,,,2025-05-21T22:26:31.658616Z,,,989,CONSENT_REVOKED,CONSENT_REVOKED,CONSENT_REVOKED,CONSENT_REVOKED,CONSENT_REVOKED,CONSENT_REVOKED,CONSENT_REVOKED,CONSENT_REVOKED,CONSENT_REVOKED,CONSENT_REVOKED,Not Applicable
64ee6165de4e3b3f3b2e79a6,5c5198da659655000168955d,APPROVED,2023-08-29T21:21:44.253000Z,2023-08-29T22:45:51.934000Z,2023-09-07T17:56:14.669000Z,2023-08-29T22:45:52.411910Z,5048.0,C1EYG692,3771,English,46,Male,White,United States,United States,United States,English,No,Full-Time,
64ee616f226ec505141969b5,63be6aae1b65a42e794770ee,RETURNED,2023-08-29T21:21:51.788000Z,2023-08-29T21:50:40.492000Z,,2025-05-21T22:26:31.656079Z,,NOCODE,1843,CONSENT_REVOKED,CONSENT_REVOKED,CONSENT_REVOKED,CONSENT_REVOKED,CONSENT_REVOKED,CONSENT_REVOKED,CONSENT_REVOKED,CONSENT_REVOKED,CONSENT_REVOKED,CONSENT_REVOKED,Not Applicable
64ee617a4538592069e3c1e7,615dd0b0a024ba4f4b4f7c24,APPROVED,2023-08-29T21:22:07.919000Z,2023-08-29T23:02:00.651000Z,2023-09-07T17:56:14.796000Z,2023-08-29T23:02:01.237283Z,5993.0,C1EYG692,3770,English,44,Female,White,United States,United States,United States,English,No,Full-Time,
64ee6184280ef212316b287b,5bd8a00a96b35e0001679819,APPROVED,2023-08-29T21:22:16.478000Z,2023-08-29T22:11:00.945000Z,2023-09-07T17:56:14.913000Z,2023-08-29T22:11:03.422836Z,2925.0,C1EYG692,4252,English,44,Male,White,United States,United States,United States,English,No,Full-Time,
64ee65891f9acea4379ac72d,63e5eb956eab1f2740ac6289,RETURNED,2023-08-29T21:40:07.627000Z,,,2025-05-21T22:26:31.658260Z,,,1725,CONSENT_REVOKED,CONSENT_REVOKED,CONSENT_REVOKED,CONSENT_REVOKED,CONSENT_REVOKED,CONSENT_REVOKED,CONSENT_REVOKED,CONSENT_REVOKED,CONSENT_REVOKED,CONSENT_REVOKED,Not Applicable
64ee6955b7d9a0a76466d8f4,614fbafcf6d670e7af364fd5,APPROVED,2023-08-29T21:55:39.406000Z,2023-08-29T23:39:17.082000Z,2023-09-07T17:56:15.027000Z,2023-08-29T23:39:18.249202Z,6218.0,C1EYG692,179,"English, Portuguese",22,Female,White,Portugal,Portugal,Portugal,Portuguese,Yes,Part-Time,
64ee6aa1d45a6df284892faa,641ecfa9f83175a3d9f63636,APPROVED,2023-08-29T22:01:15.030000Z,2023-08-29T23:03:27.315000Z,2023-09-07T17:56:15.143000Z,2023-08-29T23:03:27.798384Z,3733.0,C1EYG692,464,English,37,Male,White,United Kingdom,United Kingdom,United Kingdom,English,No,Full-Time,
64efcdd5073e704db6ac84a4,582ee44408b46b00010dbb07,RETURNED,2023-08-30T23:21:59.269000Z,,,2025-05-21T22:26:31.658403Z,,,837,CONSENT_REVOKED,CONSENT_REVOKED,CONSENT_REVOKED,CONSENT_REVOKED,CONSENT_REVOKED,CONSENT_REVOKED,CONSENT_REVOKED,CONSENT_REVOKED,CONSENT_REVOKED,CONSENT_REVOKED,Not Applicable
64efcdd603810f7660ff19f3,5ffb1e3262b9895373c59915,APPROVED,2023-08-30T23:16:38.900000Z,2023-08-31T00:23:14.688000Z,2023-09-07T17:56:15.264000Z,2023-08-31T00:23:15.108524Z,3996.0,C1EYG692,113,"English, German, Polish",18,Male,White,Poland,Poland,Poland,Polish,Yes,Unemployed (and job seeking),
64efcdd6d7159a1b67699107,5c549c6372fd9000018b5968,APPROVED,2023-08-30T23:16:38Z,2023-08-31T00:22:50.934000Z,2023-09-07T17:56:15.378000Z,2023-08-31T00:22:51.467003Z,3973.0,C1EYG692,845,"English, Spanish, Portuguese, Japanese, French",28,Male,White,Portugal,Portugal,Portugal,Portuguese,DATA_EXPIRED,Full-Time,
64efcdd7573abfd6c92239a8,5c6838ea5f8d580001e8a8ab,APPROVED,2023-08-30T23:23:22.965000Z,2023-08-31T00:15:08.389000Z,2023-09-07T17:56:15.490000Z,2023-08-31T00:15:08.938002Z,3106.0,C1EYG692,1914,"English, Spanish, Scots",34,Male,White,United Kingdom,United Kingdom,United Kingdom,English,No,Full-Time,
64efcdd7ec796f1680037083,5e89ba09ec9b3364b1fc0bd1,APPROVED,2023-08-30T23:16:41.367000Z,2023-08-31T00:29:11.826000Z,2023-09-07T17:56:15.606000Z,2023-08-31T00:30:03.627259Z,4351.0,C1EYG692,1650,English,44,Male,White,United States,United Kingdom,United Kingdom,English,Yes,Full-Time,
64efd094d8c05266600c90cf,63468b5809bf04222262bfed,APPROVED,2023-08-30T23:28:32.452000Z,2023-08-31T00:36:17.568000Z,2023-09-07T17:56:15.727000Z,2023-08-31T00:36:18.253319Z,4066.0,C1EYG692,1067,English,37,Male,White,United Kingdom,United Kingdom,United Kingdom,English,No,Full-Time,
64f0bf453689498afef43dd0,5ad63c167f70c10001904bc5,APPROVED,2023-08-31T16:26:50.179000Z,2023-08-31T18:15:39.643000Z,2023-09-07T17:56:15.844000Z,2025-05-21T22:26:31.659238Z,6530.0,C1EYG692,1121,"English, Italian",26,Female,White,Italy,Italy,Italy,Italian,DATA_EXPIRED,DATA_EXPIRED,Not Applicable
64f0bf4aa6f9aba742bcabab,5f5c0a54a38ae61d4c3b5b4c,TIMED-OUT,2023-08-31T16:26:50.869000Z,,,2025-05-21T22:26:31.661406Z,54367181.0,,332,"English, Portuguese",21,Male,White,Portugal,Portugal,Portugal,Portuguese,DATA_EXPIRED,DATA_EXPIRED,Not Applicable
64f0bf4b53a4b7d9fcd7699b,5c5cb335c378220001e5ed9b,APPROVED,2023-08-31T16:26:51.432000Z,2023-08-31T19:16:34.883000Z,2023-09-07T17:56:15.965000Z,2023-08-31T19:16:35.473301Z,10184.0,C1EYG692,1886,English,56,Male,White,United Kingdom,United Kingdom,United Kingdom,English,No,DATA_EXPIRED,
64f0bf4b91541a8115d59f74,565e944394730100114a9119,APPROVED,2023-08-31T16:26:55.328000Z,2023-08-31T17:48:23.953000Z,2023-09-07T17:56:16.080000Z,2023-08-31T17:48:24.456961Z,4889.0,C1EYG692,430,"Dutch, English",30,Male,White,United Kingdom,United Kingdom,United Kingdom,English,No,Full-Time,
64f0bf4c29327079c468f8e9,5d038adefda4bb00013f8afb,APPROVED,2023-08-31T16:28:08.151000Z,2023-08-31T18:10:40.936000Z,2023-09-07T17:56:16.199000Z,2023-08-31T18:46:51.087981Z,6153.0,C1EYG692,2221,English,53,Male,White,United Kingdom,United Kingdom,United Kingdom,English,No,Full-Time,
64f0edc290ee428adee10500,64526929d8f9b780b29d4d8d,APPROVED,2023-08-31T19:46:29.237000Z,2023-08-31T21:27:12.001000Z,2023-09-07T17:56:16.323000Z,2023-08-31T21:27:12.845558Z,6043.0,C1EYG692,181,"Portuguese, English, Spanish",24,Male,White,Brazil,Portugal,Portugal,Portuguese,Yes,Unemployed (and job seeking),
64f112419fdf1ff6739c72f4,63174af7d57182f9bf90c094,APPROVED,2023-08-31T22:20:52.806000Z,2023-09-01T00:07:01.828000Z,2023-09-07T17:56:16.445000Z,2023-09-01T00:07:02.336331Z,6370.0,C1EYG692,1209,"English, French, Spanish",43,Male,White,United Kingdom,United Kingdom,United Kingdom,English,No,Full-Time,
64f11241da93f9246031d581,6097e36e99d6c893daf55676,APPROVED,2023-08-31T22:20:49.823000Z,2023-09-01T00:30:49.317000Z,2023-09-07T17:56:16.597000Z,2023-09-01T00:30:50.035881Z,7800.0,C1EYG692,637,"Chinese, English, German, Italian, Mandarin, Spanish, Russian, Portuguese, Norwegian, Swedish, Japanese, French, Dutch, Danish",27,Male,White,Italy,Italy,Italy,Italian,Yes,Part-Time,
64f11241ffbb40aeefb041ec,605d34ffa51bd5dd5f8fad8e,APPROVED,2023-08-31T22:20:55.979000Z,2023-09-01T00:07:48.109000Z,2023-09-07T17:56:16.793000Z,2023-09-01T00:07:48.533542Z,6413.0,C1EYG692,189,English,26,Male,Other,Chile,Chile,Chile,Spanish,Yes,Part-Time,
64f11242f8cfa9fef1568319,60087e9189ddb34b79b08be5,APPROVED,2023-08-31T22:20:50.091000Z,2023-08-31T23:54:38.738000Z,2023-09-07T17:56:16.946000Z,2023-08-31T23:54:39.267776Z,5629.0,C1EYG692,669,"Polish, German, English, French, Italian",28,Male,White,Poland,Poland,Poland,Polish,DATA_EXPIRED,DATA_EXPIRED,
64f11242fa908a5f5b9120f2,62e1581acad06eee3b6509dc,APPROVED,2023-08-31T22:21:28.414000Z,2023-08-31T23:47:51.307000Z,2023-09-07T17:56:17.068000Z,2023-08-31T23:47:51.776711Z,5183.0,C1EYG692,1168,English,24,Male,Asian,United Kingdom,United Kingdom,United Kingdom,English,No,Full-Time,
64f19784db28d8e9c123a93a,5baf6705848bbd0001d6fc8a,APPROVED,2023-09-01T07:52:45.755000Z,2023-09-01T09:37:20.035000Z,2023-09-07T17:56:17.183000Z,2023-09-01T09:38:19.182823Z,6275.0,C1EYG692,1557,"German, Italian, English, French, Polish",28,Female,White,Poland,Poland,Poland,English,No,Full-Time,
64f197861e059a72290223bf,58f4a7947b2e410001c2edde,APPROVED,2023-09-01T07:55:31.111000Z,2023-09-01T09:12:57.631000Z,2023-09-07T17:56:17.300000Z,2023-09-01T09:12:58.124316Z,4647.0,C1EYG692,2811,English,64,Male,White,United Kingdom,United Kingdom,United Kingdom,English,No,Full-Time,
64f19786536cb43e079120e9,5a04e1227ecfc50001be0c11,RETURNED,2023-09-01T07:49:29.669000Z,,,2025-05-21T22:26:31.663704Z,,,1955,CONSENT_REVOKED,CONSENT_REVOKED,CONSENT_REVOKED,CONSENT_REVOKED,CONSENT_REVOKED,CONSENT_REVOKED,CONSENT_REVOKED,CONSENT_REVOKED,CONSENT_REVOKED,CONSENT_REVOKED,Not Applicable
64f197876d06d7b94feee37d,58eec50e45de510001b5dcef,APPROVED,2023-09-01T07:50:21.067000Z,2023-09-01T09:05:39.379000Z,2023-09-07T17:56:17.413000Z,2023-09-01T09:05:39.917326Z,4519.0,C1EYG692,723,"English, Czech, German",30,Male,White,Czech Republic,Czech Republic,Czech Republic,Czech,No,Full-Time,
64f19788cda9d8a0403ba7e0,5d190e1c686b190018ea4d86,APPROVED,2023-09-01T07:50:54.293000Z,2023-09-01T09:04:36.761000Z,2023-09-07T17:56:17.532000Z,2023-09-01T09:04:37.270950Z,4423.0,C1EYG692,868,English,36,Female,White,United Kingdom,United Kingdom,United Kingdom,English,No,Full-Time,
64f19c339cb7a9eb19737bbd,64773ad820a62ee2e3742de8,APPROVED,2023-09-01T08:09:23.406000Z,2023-09-01T10:03:56.882000Z,2023-09-07T17:56:17.655000Z,2023-09-01T10:03:57.986819Z,6874.0,C1EYG692,160,"Hebrew, English",30,Male,White,Israel,Israel,Israel,Hebrew,Yes,Part-Time,
64f2150da0eb284e3dfd64b6,60d2c59451b12e36fb281477,RETURNED,2023-09-01T16:55:01.988000Z,,,2025-05-21T22:26:31.669999Z,,,2471,CONSENT_REVOKED,CONSENT_REVOKED,CONSENT_REVOKED,CONSENT_REVOKED,CONSENT_REVOKED,CONSENT_REVOKED,CONSENT_REVOKED,CONSENT_REVOKED,CONSENT_REVOKED,CONSENT_REVOKED,Not Applicable
64f21510650e4ead37e6acb4,6127f94d2af664941ae3bf4f,RETURNED,2023-09-01T16:55:04.809000Z,,,2025-05-21T22:26:31.675272Z,,,274,CONSENT_REVOKED,CONSENT_REVOKED,CONSENT_REVOKED,CONSENT_REVOKED,CONSENT_REVOKED,CONSENT_REVOKED,CONSENT_REVOKED,CONSENT_REVOKED,CONSENT_REVOKED,CONSENT_REVOKED,Not Applicable
64f215114eed040e31684aef,610d97bf0ee9babdb89986ea,APPROVED,2023-09-01T16:45:13.124000Z,2023-09-01T18:09:38.259000Z,2023-09-07T17:56:17.776000Z,2023-09-01T18:09:40.566600Z,5066.0,C1EYG692,282,"Basque, English, Spanish",21,Female,White,Spain,Spain,Spain,Basque,Yes,Part-Time,
64f2151dd715ca50f63bfdcd,617305abc8cde4cf0e08255b,APPROVED,2023-09-01T16:45:25.815000Z,2023-09-01T18:43:12.695000Z,2023-09-07T17:56:17.893000Z,2023-09-01T18:43:13.534907Z,7067.0,C1EYG692,761,"English, Spanish, Galician",35,Female,White,Spain,Spain,Spain,Spanish,No,Full-Time,
64f2152d112f10e03df0dcb2,60a0b744298c64d46b63e893,APPROVED,2023-09-01T16:45:37.924000Z,2023-09-01T18:38:50.527000Z,2023-09-07T17:56:18.016000Z,2023-09-01T18:38:51.842699Z,6793.0,C1EYG692,82,"English, Afrikaans",58,Female,White,South Africa,South Africa,South Africa,English,No,Part-Time,
64f215638dab00e80753da82,622a2b1c561ce3cd95519fd2,APPROVED,2023-09-01T16:46:30.626000Z,2023-09-01T18:50:41.548000Z,2023-09-07T17:56:18.139000Z,2023-09-01T18:50:42.861773Z,7451.0,C1EYG692,2243,"English, French",63,Male,White,United States,United States,United States,English,No,Full-Time,
64f910985bbb96b464d66bbd,5f29eff59714081a3594a331,APPROVED,2023-09-06T23:51:57.429000Z,2023-09-07T01:45:41.544000Z,2023-09-07T17:56:18.262000Z,2023-09-07T01:45:42.384945Z,6825.0,C1EYG692,859,"English, Malay",36,Male,Other,New Zealand,New Zealand,New Zealand,English,DATA_EXPIRED,DATA_EXPIRED,
64fa032a9558b03c319d159b,5f0f7fe1d7ad1c000b42d091,APPROVED,2023-09-07T17:07:00.938000Z,2023-09-07T18:54:36.686000Z,2023-09-12T00:31:17.531000Z,2023-09-07T18:54:37.382300Z,6456.0,C1EYG692,1667,"Spanish, English",26,Male,White,United Kingdom,United Kingdom,United Kingdom,English,DATA_EXPIRED,DATA_EXPIRED,
64fa032cf5960caedd302544,5c70974403f85b0001af8d5d,APPROVED,2023-09-07T17:15:27.986000Z,2023-09-07T19:49:39.149000Z,2023-09-12T00:31:17.683000Z,2023-09-07T19:51:31.816969Z,9252.0,C1EYG692,895,"English, Urdu",39,Male,Asian,Pakistan,Canada,Canada,English,No,Full-Time,
64fa032e2ff249d2073acc8e,5eceef5fa487421604c337ba,APPROVED,2023-09-07T17:06:58.949000Z,2023-09-07T19:44:34.424000Z,2023-09-12T00:31:17.824000Z,2023-09-07T19:44:35.002927Z,9456.0,C1EYG692,1025,"English, Greek, German",26,Male,White,Greece,Greece,Greece,Greek,Yes,Full-Time,
64fa032f9b8b37c67b6de7a3,5b0710e7a84dcf0001beee8a,APPROVED,2023-09-07T17:07:04.469000Z,2023-09-07T18:46:40.282000Z,2023-09-12T00:31:17.955000Z,2023-09-07T18:46:40.900800Z,5976.0,C1EYG692,1682,English,56,Female,Mixed,Singapore,United Kingdom,United Kingdom,English,No,Part-Time,
64fa032fbad71bca9047c4a5,5f3aee04e30eac7cb73b416e,APPROVED,2023-09-07T17:06:55.482000Z,2023-09-07T20:06:20.523000Z,2023-09-12T00:31:18.084000Z,2023-09-07T20:06:20.969905Z,10766.0,NOCODE,735,"English, French, German, Italian, Polish",18,Male,White,Poland,Poland,Poland,Polish,No,Full-Time,
64fa0555f804cb2e23191414,617406fbfced12169896d158,APPROVED,2023-09-07T17:16:34.039000Z,2023-09-07T19:01:53.814000Z,2023-09-12T00:31:18.236000Z,2023-09-07T19:01:55.564379Z,6320.0,C1EYG692,1358,English,58,Female,White,United Kingdom,United Kingdom,United Kingdom,English,Yes,"Not in paid work (e.g. homemaker', 'retired or disabled)",
64fa055687b2a099d4e829ac,5f556bd46e6c4c93a5a90c77,APPROVED,2023-09-07T17:18:33.608000Z,2023-09-07T20:07:05.426000Z,2023-09-12T00:31:18.378000Z,2023-09-07T20:07:11.299187Z,10112.0,C1EYG692,4405,"English, Bengali",22,Female,Asian,Bangladesh,United States,United States,Bengali,No,Full-Time,
64fa0556db9b4cd7e8a5e220,5d6e3252dfe6d10001dbe508,APPROVED,2023-09-07T17:16:23.165000Z,2023-09-07T18:55:37.388000Z,2023-09-12T00:31:18.527000Z,2023-09-07T18:56:38.570294Z,5955.0,C1EYG692,1029,"English, Polish",28,Male,White,Poland,Poland,Poland,Polish,No,Full-Time,
64fa055771b3539730a9eecc,5de42a01a7cb2401ccc682c3,APPROVED,2023-09-07T17:16:07.836000Z,2023-09-07T19:50:32.954000Z,2023-09-12T00:31:18.684000Z,2023-09-07T19:53:00.975666Z,9266.0,C1EYG692,766,"Polish, English",33,Male,White,Poland,Poland,Poland,Polish,No,Full-Time,
64fa0557848b59485bbc42ea,612687a5a3c9d923c4050e47,APPROVED,2023-09-07T17:16:25.427000Z,2023-09-07T18:49:15.175000Z,2023-09-12T00:31:18.828000Z,2023-09-07T18:49:29.364664Z,5570.0,C1EYG692,486,"Portuguese, English",28,Male,White,Portugal,Portugal,Portugal,Portuguese,No,Full-Time,
64fa665595ce47854140b5da,55da1c4669dbc30010b67569,APPROVED,2023-09-08T00:10:01.313000Z,2023-09-08T01:06:30.141000Z,2023-09-12T00:31:18.969000Z,2023-09-08T01:06:30.666115Z,3389.0,C1EYG692,2754,"English, French",33,Male,White,United Kingdom,United Kingdom,United Kingdom,English,Yes,Full-Time,
64fa665695ce47854140b5db,6064e42413bf665d31f0cfbc,TIMED-OUT,2023-09-08T00:09:58.713000Z,,,2025-05-21T22:26:31.675055Z,53734594.0,,211,DATA_EXPIRED,DATA_EXPIRED,DATA_EXPIRED,DATA_EXPIRED,DATA_EXPIRED,DATA_EXPIRED,DATA_EXPIRED,DATA_EXPIRED,DATA_EXPIRED,DATA_EXPIRED,Not Applicable
64fa6657f2558aac58ff55fd,64406a82e93c474985a084a5,RETURNED,2023-09-08T00:11:23.920000Z,,,2025-05-21T22:26:31.680170Z,,,587,CONSENT_REVOKED,CONSENT_REVOKED,CONSENT_REVOKED,CONSENT_REVOKED,CONSENT_REVOKED,CONSENT_REVOKED,CONSENT_REVOKED,CONSENT_REVOKED,CONSENT_REVOKED,CONSENT_REVOKED,Not Applicable
64fa665891423dc5400d6032,62db2644ab0a3a353c0dcb54,APPROVED,2023-09-08T00:10:11.633000Z,2023-09-08T01:27:43.783000Z,2023-09-12T00:31:19.110000Z,2023-09-08T01:27:44.887294Z,4653.0,C1EYG692,1312,English,43,Male,White,United Kingdom,United Kingdom,United Kingdom,English,Yes,Full-Time,
64fa66594c7ca0b596c3304e,5ed543442db0060a955d12e1,APPROVED,2023-09-08T00:10:16.399000Z,2023-09-08T01:07:22.865000Z,2023-09-12T00:31:19.244000Z,2023-09-08T01:07:23.406540Z,3427.0,C1EYG692,2789,"English, Hindi",34,Male,Asian,India,United States,United States,Hindi,No,Full-Time,
64fa6ca5dc882bce081e410f,609bfd97a7c95881330491d4,APPROVED,2023-09-08T00:41:20.108000Z,2023-09-08T01:47:01.774000Z,2023-09-12T00:31:19.433000Z,2023-09-08T01:48:06.066528Z,3942.0,C1EYG692,514,"English, Polish, German, French",29,Male,White,Poland,Poland,Poland,Polish,No,Other,
64fa6ca6f79891da1cc4b8d1,5f8040a15e9c0003ae16dc31,RETURNED,2023-09-08T00:37:57.796000Z,,,2025-05-21T22:26:31.685850Z,,,990,CONSENT_REVOKED,CONSENT_REVOKED,CONSENT_REVOKED,CONSENT_REVOKED,CONSENT_REVOKED,CONSENT_REVOKED,CONSENT_REVOKED,CONSENT_REVOKED,CONSENT_REVOKED,CONSENT_REVOKED,Not Applicable
64fa6ca90ec569cbf6512412,607728dc0b4f8590b94ae57c,APPROVED,2023-09-08T00:38:04.851000Z,2023-09-08T01:38:26.526000Z,2023-09-12T00:31:19.567000Z,2023-09-08T01:38:27.570955Z,3622.0,C1EYG692,789,"English, Spanish",32,Male,White,Chile,Chile,Chile,Spanish,No,Part-Time,
64fa6caa0503728eceaf5186,63ea4a7fa7d709c8e7887a93,APPROVED,2023-09-08T00:37:24.460000Z,2023-09-08T01:40:57.094000Z,2023-09-12T00:31:19.706000Z,2023-09-08T01:40:57.581057Z,3813.0,C1EYG692,565,English,47,Male,White,United Kingdom,United Kingdom,United Kingdom,English,No,Unemployed (and job seeking),
64fa6caa62b68817e64ce598,5e3adfc595ff562fbdd130fa,APPROVED,2023-09-08T00:37:02.090000Z,2023-09-08T01:32:39.984000Z,2023-09-12T00:31:19.832000Z,2023-09-08T01:32:40.769700Z,3338.0,C1EYG692,5405,English,36,Male,White,United States,United States,United States,English,No,Part-Time,
64fa703dfa0b3f9e0934aced,5f913cbf314c3d000982e130,APPROVED,2023-09-08T00:52:32.839000Z,2023-09-08T02:25:45.752000Z,2023-09-12T00:31:19.969000Z,2023-09-08T02:25:49.467466Z,5593.0,C1EYG692,110,"Finnish, English, Arabic, Hebrew, French",DATA_EXPIRED,DATA_EXPIRED,DATA_EXPIRED,France,DATA_EXPIRED,DATA_EXPIRED,DATA_EXPIRED,DATA_EXPIRED,DATA_EXPIRED,
64fa74f8b5dcb8814ab95903,546ebcd9fdf99b2bc7ebd030,RETURNED,2023-09-08T01:12:31.860000Z,,,2025-05-21T22:26:31.687509Z,,,2433,CONSENT_REVOKED,CONSENT_REVOKED,CONSENT_REVOKED,CONSENT_REVOKED,CONSENT_REVOKED,CONSENT_REVOKED,CONSENT_REVOKED,CONSENT_REVOKED,CONSENT_REVOKED,CONSENT_REVOKED,Not Applicable
64fa7aa22fe7cea09f9863ea,6108295fdd0270d7544b5a8a,APPROVED,2023-09-08T01:36:52.303000Z,2023-09-08T02:31:30.549000Z,2023-09-12T00:31:20.116000Z,2023-09-08T02:31:31.069492Z,3279.0,C1EYG692,4839,English,33,Female,White,United States,United States,United States,English,No,Unemployed (and job seeking),
64fa95725a436df7b264fef4,596bac33670f410001fe9c07,RETURNED,2023-09-08T03:30:58.090000Z,,,2025-05-21T22:26:31.687471Z,,,5183,CONSENT_REVOKED,CONSENT_REVOKED,CONSENT_REVOKED,CONSENT_REVOKED,CONSENT_REVOKED,CONSENT_REVOKED,CONSENT_REVOKED,CONSENT_REVOKED,CONSENT_REVOKED,CONSENT_REVOKED,Not Applicable
64fa9b41e53630dc7434accb,5bf1f1cd7c3874000169ea98,RETURNED,2023-09-08T03:55:50.002000Z,,,2025-05-21T22:26:31.686488Z,,,3962,CONSENT_REVOKED,CONSENT_REVOKED,CONSENT_REVOKED,CONSENT_REVOKED,CONSENT_REVOKED,CONSENT_REVOKED,CONSENT_REVOKED,CONSENT_REVOKED,CONSENT_REVOKED,CONSENT_REVOKED,Not Applicable
64faa56965b10aa0aef0fd85,6078b85e024d1d094113c3aa,APPROVED,2023-09-08T04:39:08.459000Z,2023-09-08T05:28:06.070000Z,2023-09-12T00:31:20.271000Z,2023-09-08T05:28:06.895531Z,2938.0,C1EYG692,2655,English,22,Male,Mixed,United States,United States,United States,English,DATA_EXPIRED,DATA_EXPIRED,
64fad0dfa23ac5f49b07a54c,566feba6b937e400052d33b2,APPROVED,2023-09-08T07:44:36.728000Z,2023-09-08T08:49:25.412000Z,2023-09-12T00:31:20.406000Z,2023-09-08T08:49:25.975175Z,3889.0,C1EYG692,3882,English,41,Male,White,United Kingdom,United Kingdom,United Kingdom,English,DATA_EXPIRED,DATA_EXPIRED,
64fad0e0610511c57bb305a6,5d7d467f306346001a7a6844,APPROVED,2023-09-08T07:44:38.404000Z,2023-09-08T08:41:48.165000Z,2023-09-12T00:31:20.546000Z,2023-09-08T08:41:48.614372Z,3430.0,C1EYG692,630,"English, Polish",21,Male,White,Poland,Poland,Poland,Polish,No,Full-Time,
64fad0e16e68049a194d9a3c,5d2d98a9a0d896001a5d6e4f,APPROVED,2023-09-08T07:44:33.837000Z,2023-09-08T09:07:26.745000Z,2023-09-12T00:31:21.346000Z,2023-09-08T09:07:28.338281Z,4973.0,C1EYG692,449,"Slovenian, English",36,Female,White,Slovenia,Slovenia,Slovenia,Slovenian,No,Full-Time,
64fad0e187de7910e5c4b8c5,5c4594514fe4f800016ea070,APPROVED,2023-09-08T07:48:46.755000Z,2023-09-08T08:44:55.236000Z,2023-09-12T00:31:21.471000Z,2023-09-08T08:44:55.822568Z,3369.0,C1EYG692,1552,English,29,Female,White,United Kingdom,United Kingdom,United Kingdom,English,Yes,Full-Time,
64fad0e2811312ed9d5bbc0b,5e8b9e5e08c9f207f612ac74,APPROVED,2023-09-08T07:49:47.608000Z,2023-09-08T08:54:28.722000Z,2023-09-12T00:31:21.603000Z,2023-09-08T08:54:29.347930Z,3882.0,C1EYG692,341,"Italian, English",24,Male,White,Italy,Italy,Italy,Italian,Yes,"Not in paid work (e.g. homemaker', 'retired or disabled)",
64fae9709d95bc1de689e85b,63ea4564de250efaacb1cceb,APPROVED,2023-09-08T09:29:30.345000Z,2023-09-08T12:35:09.244000Z,2023-09-12T00:31:21.746000Z,2023-09-08T12:35:11.119295Z,11139.0,C1EYG692,401,English,27,Male,White,United Kingdom,United Kingdom,United Kingdom,English,Yes,Full-Time,
64fae970ed31b45f9025528f,5a7cdf66b093f80001a791b3,APPROVED,2023-09-08T09:29:24.782000Z,2023-09-08T11:31:53.379000Z,2023-09-12T00:31:21.882000Z,2023-09-08T11:31:53.867160Z,7349.0,C1EYG692,364,"English, Portuguese",31,Male,Mixed,Portugal,Portugal,Portugal,Portuguese,No,Full-Time,
64fae9716d9cd4e8aaea87ab,629f6b8c65fcae219e245284,APPROVED,2023-09-08T09:29:38.247000Z,2023-09-08T11:01:24.024000Z,2023-09-12T00:31:22.028000Z,2023-09-08T11:01:24.692113Z,5506.0,C1EYG692,1195,English,30,Male,White,United Kingdom,United Kingdom,United Kingdom,English,No,Unemployed (and job seeking),
64fae97279d9b094c1a4e371,60957b300f08087b0af0031c,APPROVED,2023-09-08T09:30:14.538000Z,2023-09-08T11:04:41.679000Z,2023-09-12T00:31:22.159000Z,2023-09-08T11:04:42.218675Z,5668.0,C1EYG692,417,"English, French, Italian, Romanian, Spanish",24,Female,White,Italy,Italy,Italy,Italian,Yes,Part-Time,
64fae972df530fa88cbf165c,60ddfb3db6a71ad9ba75e387,APPROVED,2023-09-08T09:31:17.985000Z,2023-09-08T11:13:41.244000Z,2023-09-12T00:31:22.307000Z,2023-09-08T11:13:41.726678Z,6144.0,C1EYG692,759,English,20,Male,White,Hungary,Hungary,Hungary,Hungarian,Yes,Unemployed (and job seeking),
64fb499217880f7777f94800,647e5f4c5b7dfbc365335f72,APPROVED,2023-09-08T16:19:42.262000Z,2023-09-08T18:14:53.619000Z,2023-09-12T00:31:22.471000Z,2023-09-08T18:14:54.058417Z,6912.0,C1EYG692,114,"Portuguese, Spanish, English",54,Female,White,Portugal,Portugal,Portugal,Portuguese,No,Full-Time,
64fb4992cec8b09d395ea3b9,615734b16b50355d4521f849,APPROVED,2023-09-08T16:19:34.360000Z,2023-09-08T18:59:13.947000Z,2023-09-12T00:31:22.614000Z,2023-09-08T18:59:35.350794Z,9580.0,C1EYG692,1159,English,23,Male,White,United Kingdom,United Kingdom,United Kingdom,English,Yes,Full-Time,
64fb49934add51d2ab7268ec,647985db31c9c45669d8b50f,APPROVED,2023-09-08T16:20:40.551000Z,2023-09-08T17:59:58.295000Z,2023-09-12T00:31:22.764000Z,2023-09-08T17:59:58.777893Z,5958.0,C1EYG692,84,"English, Portuguese, Spanish",37,Male,White,Portugal,Portugal,Portugal,Portuguese,No,Full-Time,
64fb499360f9993e92e32259,60fd310fff5b2600c9d95554,APPROVED,2023-09-08T16:20:05.310000Z,2023-09-08T18:11:52.840000Z,2023-09-12T00:31:22.904000Z,2023-09-08T18:12:39.194025Z,6708.0,C1EYG692,891,English,30,Female,White,United Kingdom,United Kingdom,United Kingdom,English,DATA_EXPIRED,DATA_EXPIRED,
64fb4993e547d22fd415cd17,63c5335da2b625ab1ade7e7c,APPROVED,2023-09-08T16:20:00.901000Z,2023-09-08T18:07:08.109000Z,2023-09-12T00:31:23.050000Z,2023-09-08T18:07:08.607882Z,6428.0,C1EYG692,304,"English, Italian",24,Female,White,Italy,Germany,Italy,Italian,DATA_EXPIRED,DATA_EXPIRED,
64fb4a16941dcb616b01f4f0,63052f20afc39e87110eb83e,APPROVED,2023-09-08T16:22:14.606000Z,2023-09-08T19:08:17.057000Z,2023-09-12T00:31:23.201000Z,2023-09-08T19:08:20.181708Z,9963.0,C1EYG692,1257,English,45,Male,Black,Barbados,United States,United States,English,DATA_EXPIRED,DATA_EXPIRED,
64fb4a1721fc9ef26cd2ff7c,6011a4b308baec1050c17853,APPROVED,2023-09-08T16:21:44.963000Z,2023-09-08T18:09:27.455000Z,2023-09-12T00:31:23.334000Z,2023-09-08T18:09:29.172095Z,6463.0,C1EYG692,600,"Portuguese, English",47,Male,White,Portugal,Portugal,Portugal,Portuguese,No,Full-Time,
64fb4a7639be85b133194400,5ed377271691ea000c548cb0,RETURNED,2023-09-08T16:23:23.546000Z,,,2025-05-21T22:26:31.686390Z,,,2328,CONSENT_REVOKED,CONSENT_REVOKED,CONSENT_REVOKED,CONSENT_REVOKED,CONSENT_REVOKED,CONSENT_REVOKED,CONSENT_REVOKED,CONSENT_REVOKED,CONSENT_REVOKED,CONSENT_REVOKED,Not Applicable
64fb4a766fc4007ce1225c30,5f4e97aae4fe380a7bad99c7,APPROVED,2023-09-08T16:23:18.669000Z,2023-09-08T17:57:59.833000Z,2023-09-12T00:31:23.470000Z,2023-09-08T17:58:15.312699Z,5682.0,C1EYG692,645,"English, Portuguese",25,Male,White,Portugal,Portugal,Portugal,Portuguese,Yes,Full-Time,
64fb4a76fc12348e2d0d0390,60513ec07ee46769ed029be4,APPROVED,2023-09-08T16:23:40.935000Z,2023-09-08T17:59:22.763000Z,2023-09-12T00:31:23.600000Z,2023-09-08T17:59:23.214008Z,5742.0,C1EYG692,1579,"German, English",34,Male,White,United States,Germany,Germany,German,No,Full-Time,
64fb54aadfa0d45ee54092bd,64063cb9ad66c9a964814b0e,APPROVED,2023-09-08T17:07:01.391000Z,2023-09-08T19:10:58.365000Z,2023-09-12T00:31:23.745000Z,2023-09-08T19:10:59.025690Z,7437.0,C1EYG692,619,"English, French, Spanish",31,Male,Black,Nigeria,United Kingdom,Nigeria,English,Yes,Full-Time,
64fb75d14852e3af99df61b0,5ec3b9e83f187802a6aa041e,APPROVED,2023-09-08T19:28:25.424000Z,2023-09-08T20:24:27.180000Z,2023-09-12T00:31:23.879000Z,2023-09-08T20:24:27.791573Z,3362.0,C1EYG692,903,"English, Greek, German, Spanish, French",26,Female,White,Greece,Greece,Greece,Greek,No,Full-Time,
64fb75d21dac76449d4e5c1f,63d79fcd741f9cfb2f87152f,APPROVED,2023-09-08T19:28:59.452000Z,2023-09-08T20:50:24.724000Z,2023-09-12T00:31:24.025000Z,2023-09-08T20:50:25.293226Z,4886.0,C1EYG692,854,English,47,Male,Black,Nigeria,United Kingdom,United Kingdom,English,No,Other,
64fb75d21e46da068d3743eb,606b94352e103bc54d43321b,APPROVED,2023-09-08T19:28:31.784000Z,2023-09-08T20:50:40.379000Z,2023-09-12T00:31:24.164000Z,2023-09-08T20:50:41.066862Z,4929.0,C1EYG692,353,"Vietnamese, German, English",27,Male,Asian,United States,Germany,United States,German,Yes,Part-Time,
64fb75d2dfae1ab0879f2c6a,63e61d24e1c77b4b584e879f,APPROVED,2023-09-08T19:30:55.641000Z,2023-09-08T20:31:29.472000Z,2023-09-12T00:31:24.302000Z,2023-09-08T20:31:31.699339Z,3634.0,C1EYG692,649,English,29,Male,White,United Kingdom,United Kingdom,United Kingdom,English,No,Full-Time,
64fb75d2e89498ac1f985fd3,5dd05d80b2204f1487f7812c,APPROVED,2023-09-08T19:28:46.543000Z,2023-09-08T20:28:32.371000Z,2023-09-12T00:31:24.461000Z,2023-09-08T20:28:36.194422Z,3586.0,C1EYG692,1967,English,39,Male,White,United Kingdom,United Kingdom,United Kingdom,English,No,Unemployed (and job seeking),
64fb78bb1cafd87b5164f982,5f8dec421f06451776393dc4,APPROVED,2023-09-08T19:41:06.057000Z,2023-09-08T21:08:48.316000Z,2023-09-12T05:57:14.310000Z,2023-09-08T21:08:48.921688Z,5263.0,C1EYG692,684,English,27,Female,Other,Canada,Canada,Canada,English,Yes,Other,
64fb79204bf20926cb706e48,600563088f221175cc9eef01,APPROVED,2023-09-08T19:42:24.810000Z,2023-09-08T20:48:38.638000Z,2023-09-12T00:31:24.610000Z,2023-09-08T20:48:42.812628Z,3974.0,C1EYG692,198,"Polish, English, Dutch",33,Male,White,Poland,Poland,Poland,Polish,DATA_EXPIRED,DATA_EXPIRED,
64fb7921fc9361294fbc4cbd,63d19839498b3afe724b69d6,APPROVED,2023-09-08T19:43:12.168000Z,2023-09-08T21:02:32.500000Z,2023-09-12T00:31:24.759000Z,2023-09-08T21:02:33.025178Z,4761.0,C1EYG692,457,"Arabic, English",29,Male,Black,Nigeria,United Kingdom,Nigeria,English,Yes,Part-Time,
64fb795289a4ad2da430ab5e,63d193c45e01ccb694993e7f,APPROVED,2023-09-08T19:43:18.034000Z,2023-09-08T20:57:16.619000Z,2023-09-12T00:31:24.910000Z,2023-09-08T20:57:17.173184Z,4439.0,C1EYG692,2034,English,41,Male,White,United States,United States,United States,English,No,Full-Time,
64fb7987a9f02104ac225c6a,5ef9b70e432ef80119d3d829,APPROVED,2023-09-08T19:44:16.553000Z,2023-09-08T20:51:08.118000Z,2023-09-12T00:31:25.043000Z,2023-09-08T20:51:08.612279Z,4012.0,C1EYG692,230,English,20,Male,White,South Africa,South Africa,South Africa,English,Yes,Part-Time,
64ffb7c4361aecad262e5999,5d1a2eb176fb7d0018e8e8d6,APPROVED,2023-09-12T00:59:53.265000Z,2023-09-12T02:29:25.948000Z,2023-09-12T05:57:14.477000Z,2023-09-12T02:29:26.668650Z,5373.0,C1EYG692,49,"English, Polish",29,Male,White,Poland,Poland,Poland,DATA_EXPIRED,No,Unemployed (and job seeking),
65206e0eb19813774f35ea3c,603ecd847a63f50124aa5822,RETURNED,2023-10-06T20:32:31.528000Z,,,2025-05-21T22:26:31.686906Z,,,6568,CONSENT_REVOKED,CONSENT_REVOKED,CONSENT_REVOKED,CONSENT_REVOKED,CONSENT_REVOKED,CONSENT_REVOKED,CONSENT_REVOKED,CONSENT_REVOKED,CONSENT_REVOKED,CONSENT_REVOKED,Not Applicable
65206e26e7523444f1a98af2,63ade94905e590dbf726b7fb,REJECTED,2023-10-06T20:29:32.370000Z,2023-10-06T20:57:56.360000Z,2023-10-06T21:37:01.082000Z,2025-05-21T22:26:31.687430Z,1704.0,NOCODE,1134,CONSENT_REVOKED,CONSENT_REVOKED,CONSENT_REVOKED,CONSENT_REVOKED,CONSENT_REVOKED,CONSENT_REVOKED,CONSENT_REVOKED,CONSENT_REVOKED,CONSENT_REVOKED,CONSENT_REVOKED,Not Applicable
65206e2ec50f907b846e438d,63d69e4d6648b39324fdf0ad,APPROVED,2023-10-06T20:29:36.749000Z,2023-10-06T21:35:51.633000Z,2023-10-15T22:47:33.624000Z,2023-10-06T21:35:52.646759Z,3975.0,C1EYG692,1476,English,31,Male,Asian,United States,United States,United States,English,DATA_EXPIRED,DATA_EXPIRED,
65206e38cd8f05144d557c2a,5f7e6f9c1212c514f9437e3a,APPROVED,2023-10-06T20:29:44.760000Z,2023-10-06T21:43:08.358000Z,2023-10-15T22:47:33.944000Z,2023-10-06T21:43:11.472812Z,4404.0,C1EYG692,1530,English,21,Male,Black,United States,United States,United States,English,No,Unemployed (and job seeking),
65206f7df347d61f040632e7,6511fd9e06231927b6398700,APPROVED,2023-10-06T20:35:09.008000Z,2023-10-06T21:52:45.090000Z,2023-10-15T22:47:34.133000Z,2023-10-06T21:52:45.557386Z,4657.0,C1EYG692,16,"Czech, English, French, German, Polish",29,Male,White,Poland,Poland,Poland,Polish,Yes,Full-Time,
65206f7e61a761b9950a8dbe,63af557b3d4f219c3226b7d6,APPROVED,2023-10-06T20:36:04.317000Z,2023-10-06T21:40:56.532000Z,2023-10-15T22:47:34.341000Z,2023-10-06T21:40:57.029830Z,3893.0,C1EYG692,743,English,49,Female,White,United Kingdom,United Kingdom,United Kingdom,English,No,Part-Time,
652075ad909638a75c2aa59f,5ffdd8d1b2325f3c1f6edc6b,APPROVED,2023-10-06T21:06:49.057000Z,2023-10-06T23:01:04.087000Z,2023-10-15T22:47:34.541000Z,2023-10-06T23:01:04.740947Z,6856.0,NOCODE,658,"English, French, German, Italian, Polish, Russian, Spanish",54,Male,White,Poland,Poland,Poland,Polish,No,Full-Time,
65207dfedb378348c085f119,650de189b6f20e6ef24e8578,APPROVED,2023-10-06T21:37:02.626000Z,2023-10-06T22:39:44.245000Z,2023-10-15T22:47:34.729000Z,2023-10-06T22:39:44.750007Z,3762.0,Study not loading properly,24,"Polish, English, German, French",46,Male,White,Poland,Poland,Poland,Polish,No,Full-Time,
65209d69272b3e939c42decc,5f56253b816a8722d0af90f5,TIMED-OUT,2023-10-06T23:51:05.651000Z,,,2025-05-21T22:26:31.696934Z,51230127.0,,475,"Polish, English, German",24,Male,White,Poland,Poland,Poland,Polish,DATA_EXPIRED,DATA_EXPIRED,Not Applicable
65209d6a69de81b394063760,5fdfd04b9bf07d83b2e5f780,APPROVED,2023-10-06T23:51:33.632000Z,2023-10-07T02:43:06.735000Z,2023-10-15T22:47:34.917000Z,2023-10-07T02:43:07.205760Z,10294.0,C1EYG692,737,"English, Spanish, Portuguese",28,Male,White,Portugal,Portugal,Portugal,English,Yes,Other,
65209d6befcab3d6c93bb1b7,63d13d1465e0743b7b2b7962,RETURNED,2023-10-07T00:01:07.495000Z,,,2025-05-21T22:26:31.688718Z,,,1033,CONSENT_REVOKED,CONSENT_REVOKED,CONSENT_REVOKED,CONSENT_REVOKED,CONSENT_REVOKED,CONSENT_REVOKED,CONSENT_REVOKED,CONSENT_REVOKED,CONSENT_REVOKED,CONSENT_REVOKED,Not Applicable
65209d6defcab3d6c93bb1b8,650309a7aa388e72bb5f3d22,TIMED-OUT,2023-10-06T23:51:08.997000Z,,,2025-05-21T22:26:31.691355Z,51230123.0,,644,"English, German, Polish",20,Male,White,Poland,Poland,Poland,Polish,DATA_EXPIRED,DATA_EXPIRED,Not Applicable
65209d865d58073fce2507bd,5fb0eec9fa92bc4ffa483efa,APPROVED,2023-10-06T23:51:39.157000Z,2023-10-07T01:34:26.621000Z,2023-10-15T22:47:35.095000Z,2023-10-07T01:34:27.198106Z,6168.0,C1EYG692,745,English,35,Male,White,Canada,Canada,Canada,English,DATA_EXPIRED,DATA_EXPIRED,
6520a40434b71813d39f9a52,60db9412ba928de1fdc2269e,APPROVED,2023-10-07T00:19:25.581000Z,2023-10-07T02:53:50.479000Z,2023-10-15T22:47:35.283000Z,2023-10-07T02:53:51.048725Z,9265.0,C1EYG692,503,"Dutch, English, German, Spanish, Portuguese",67,Female,White,Netherlands,Portugal,Netherlands,Dutch,No,Part-Time,
6520a409d1ebe4383d55b5c3,63e60f40643623a5029f1e2b,RETURNED,2023-10-07T00:30:00.057000Z,,,2025-05-21T22:26:31.693508Z,,,752,CONSENT_REVOKED,CONSENT_REVOKED,CONSENT_REVOKED,CONSENT_REVOKED,CONSENT_REVOKED,CONSENT_REVOKED,CONSENT_REVOKED,CONSENT_REVOKED,CONSENT_REVOKED,CONSENT_REVOKED,Not Applicable
6520a6880eb6e78e3742dfda,5e6473fbc15dbe1f71eea95b,APPROVED,2023-10-07T00:30:04.157000Z,2023-10-07T02:17:36.122000Z,2023-10-15T22:47:35.471000Z,2023-10-07T02:17:53.726300Z,6452.0,C1EYG692,1377,English,42,Female,White,Canada,Canada,Canada,English,No,Unemployed (and job seeking),
6520c9fe7e7f8c6b758b20cb,6507915c6aa0147b8e6b201d,TIMED-OUT,2023-10-07T03:01:22.279000Z,,,2025-05-21T22:26:31.696066Z,51218710.0,,88,English,25,Male,Other,New Zealand,Australia,Samoa,English,No,Full-Time,Not Applicable
6520ca5b30d989cb199510fe,5d85910572aeb00001290de9,REJECTED,2023-10-07T03:03:39.690000Z,2023-10-07T05:28:46.585000Z,2023-10-15T08:03:14.218000Z,2025-05-21T22:26:31.699083Z,8707.0,NOCODE,1720,CONSENT_REVOKED,CONSENT_REVOKED,CONSENT_REVOKED,CONSENT_REVOKED,CONSENT_REVOKED,CONSENT_REVOKED,CONSENT_REVOKED,CONSENT_REVOKED,CONSENT_REVOKED,CONSENT_REVOKED,Not Applicable
6520f7900b2f0599819be505,627935c4e5d7e70b502e206e,RETURNED,2023-10-07T06:15:48.932000Z,,,2025-05-21T22:26:31.697350Z,,,6647,CONSENT_REVOKED,CONSENT_REVOKED,CONSENT_REVOKED,CONSENT_REVOKED,CONSENT_REVOKED,CONSENT_REVOKED,CONSENT_REVOKED,CONSENT_REVOKED,CONSENT_REVOKED,CONSENT_REVOKED,Not Applicable
6520fb12da7858dcaeccec00,5fdcd228539a382bc5e9fae5,APPROVED,2023-10-07T06:30:45.826000Z,2023-10-07T08:43:11.210000Z,2023-10-15T22:47:35.667000Z,2023-10-07T08:43:11.833975Z,7946.0,C1EYG692,1977,English,42,Male,Black,Nigeria,United Kingdom,Nigeria,English,No,Full-Time,
652c6d73698bbd5c18c10cd2,58d3bc1642648b0001f21ca4,APPROVED,2023-10-15T22:53:44.001000Z,2023-10-15T23:55:34.357000Z,2023-10-22T09:18:17.056000Z,2023-10-15T23:55:34.744521Z,3711.0,C1EYG692,111,"Italian, English, French, German, Spanish",30,Male,White,Italy,Italy,Italy,Italian,Yes,Full-Time,
652c6d749cf96c7bdbbffe93,616e5ae706e970fe0aff99b6,RETURNED,2023-10-15T23:03:40.700000Z,,,2025-05-21T22:26:31.704011Z,,,974,CONSENT_REVOKED,CONSENT_REVOKED,CONSENT_REVOKED,CONSENT_REVOKED,CONSENT_REVOKED,CONSENT_REVOKED,CONSENT_REVOKED,CONSENT_REVOKED,CONSENT_REVOKED,CONSENT_REVOKED,Not Applicable
652c6d756bd615f1ab710cea,650aee7a7a4ae7fc00c180cb,RETURNED,2023-10-15T23:03:41.703000Z,,,2025-05-21T22:26:31.702662Z,,,101,CONSENT_REVOKED,CONSENT_REVOKED,CONSENT_REVOKED,CONSENT_REVOKED,CONSENT_REVOKED,CONSENT_REVOKED,CONSENT_REVOKED,CONSENT_REVOKED,CONSENT_REVOKED,CONSENT_REVOKED,Not Applicable
652c6d762c2e9c2ba485ab67,60ec51c51a3158a50ded8a3e,APPROVED,2023-10-15T22:58:14.603000Z,2023-10-15T23:57:40.469000Z,2023-10-22T09:18:17.416000Z,2023-10-15T23:57:40.970189Z,3566.0,C1EYG692,628,"Afrikaans, Albanian, Arabic, Bengali, Belarusian, Burmese, Bulgarian, Catalan, Czech, Chinese, Croatian, Danish, Dari, Dutch, English, Esperanto, Estonian, Faroese, Finnish, French, Galician, German, Greek, Hebrew, Hindi, Hungarian, Icelandic, Indonesian, Italian, Japanese, Khmer, Korean, Kurdish, Laotian, Latvian, Lithuanian, Macedonian, Malay, Maltese, Norwegian, Polish, Portuguese, Romanian, Russian, Scots, Serbian, Slovak, Slovenian, Somali, Spanish, Swedish, Swahili, Tagalog-Filipino, Tajik, Tamil, Thai, Tibetan, Tigrinya, Turkish, Turkmen, Ukrainian, Urdu, Uzbek, Welsh, Vietnamese, Telugu, Papiamento, Twi, Cantonese, Mandarin, Hakka, Malayalam, Gujarati, Punjabi, Tongan",20,Male,White,Poland,Poland,Poland,Polish,Yes,Part-Time,
652c6d76af074f486aa042e8,5ed8cf4782a6eb04ddf9962d,APPROVED,2023-10-15T22:54:39.435000Z,2023-10-15T23:58:06.558000Z,2023-10-22T09:18:17.597000Z,2023-10-15T23:58:06.964027Z,3808.0,C1EYG692,2816,"English, Hungarian",29,Male,White,Hungary,Hungary,Hungary,Hungarian,Yes,Full-Time,
652c6d76d177004179b98804,5dc5da21d999de45a504651b,APPROVED,2023-10-15T22:53:46.907000Z,2023-10-16T00:06:43.309000Z,2023-10-22T09:18:17.743000Z,2023-10-16T00:06:44.317385Z,4377.0,C1EYG692,2117,English,44,Male,White,United Kingdom,United Kingdom,United Kingdom,English,No,Unemployed (and job seeking),
652c6da054cfa8218f658499,5f0cfeef098f1e53ff201909,APPROVED,2023-10-15T22:54:31.640000Z,2023-10-15T23:49:57.731000Z,2023-10-22T09:18:17.900000Z,2023-10-15T23:49:58.221256Z,3327.0,C1EYG692,555,English,24,Female,White,United Kingdom,United Kingdom,United Kingdom,English,No,Part-Time,
652c6dd528f2f3506085b126,5e8a5a892f6f027054a83d88,APPROVED,2023-10-15T22:55:30.128000Z,2023-10-16T00:07:19.575000Z,2023-10-22T09:18:18.050000Z,2023-10-16T00:07:20.121227Z,4310.0,C1EYG692,748,"Polish, English",26,Male,White,Poland,Poland,Poland,Polish,No,Full-Time,
652cbe966d3ee3c80fce9d1e,5f60713e595007000a8e1da7,APPROVED,2023-10-16T04:39:50.600000Z,2023-10-16T07:38:23.655000Z,2023-10-27T10:13:52.937000Z,2023-10-16T07:38:24.273927Z,10714.0,NOCODE,706,"Czech, English, German, Polish, Russian",25,Male,White,Poland,Poland,Poland,Polish,Yes,Full-Time,
652cbe9b86a57bf633c12a2d,64e8c14bbe184c20cb9d0583,RETURNED,2023-10-16T04:50:00.029000Z,,,2025-05-21T22:26:31.724777Z,,,468,CONSENT_REVOKED,CONSENT_REVOKED,CONSENT_REVOKED,CONSENT_REVOKED,CONSENT_REVOKED,CONSENT_REVOKED,CONSENT_REVOKED,CONSENT_REVOKED,CONSENT_REVOKED,CONSENT_REVOKED,Not Applicable
652cbe9c1834e1f6b28fc550,589295bdd8cdf10001d885b2,APPROVED,2023-10-16T04:39:56.976000Z,2023-10-16T07:43:57.374000Z,2023-10-27T18:38:57.917000Z,2023-10-16T07:43:57.954485Z,11041.0,C1EYG692,343,"English, Spanish, Italian",32,Male,Mixed,Chile,Chile,Chile,Spanish,No,Part-Time,
652cbe9c65aebce598659cfa,6511e9adc4ba37678f5f1181,APPROVED,2023-10-16T04:39:56.242000Z,2023-10-16T07:41:17.058000Z,2023-10-22T09:18:18.287000Z,2023-10-16T07:41:17.563988Z,10881.0,NOCODE,41,"English, German, Polish",34,Male,White,Poland,Poland,Poland,Polish,No,Full-Time,
652cbe9e0be0c1af87cec6d7,60e711d4f9fdb12be32e0c92,APPROVED,2023-10-16T04:39:58.316000Z,2023-10-16T06:21:18.134000Z,2023-10-27T08:33:30.329000Z,2023-10-16T06:21:18.774871Z,6080.0,C1EYG692,531,"Italian, English",24,Male,White,Italy,Italy,Italy,Italian,Yes,Other,
652cbe9e8cb59f4c50c7e693,6504633496540ba168c3d881,APPROVED,2023-10-16T04:39:58.738000Z,2023-10-16T07:43:28.049000Z,2023-10-22T09:18:18.459000Z,2023-10-16T07:43:28.671519Z,11010.0,NOCODE,42,"English, Polish, German",19,Male,White,Poland,Poland,Poland,Polish,Yes,Full-Time,
652cc0f811a68b7ad479757e,5fa4c21a04bc5912180291bc,APPROVED,2023-10-16T04:55:11.305000Z,2023-10-16T06:47:40.123000Z,2023-10-22T09:18:18.625000Z,2023-10-16T06:47:40.553186Z,6749.0,C1EYG692,5155,"English, Spanish",41,Male,Black,United States,United States,United States,English,No,Full-Time,
652d7c6505b4f7045106cfec,64fc891b7db464fa5d13e237,RETURNED,2023-10-16T18:19:41.346000Z,,,2025-05-21T22:26:31.720251Z,,,106,CONSENT_REVOKED,CONSENT_REVOKED,CONSENT_REVOKED,CONSENT_REVOKED,CONSENT_REVOKED,CONSENT_REVOKED,CONSENT_REVOKED,CONSENT_REVOKED,CONSENT_REVOKED,CONSENT_REVOKED,Not Applicable
652d7c669b9bfde1040a92cc,60553b36cb4eb3269931ed21,APPROVED,2023-10-16T18:09:58.099000Z,2023-10-16T19:16:03.956000Z,2023-10-22T09:18:18.778000Z,2023-10-16T19:16:04.586200Z,3966.0,C1EYG692,288,"Estonian, English",21,Male,White,Estonia,Estonia,Estonia,Estonian,Yes,Part-Time,
652d7c673ce44782325be826,607052bd55f1e0f4b4e3a99d,APPROVED,2023-10-16T18:17:13.536000Z,2023-10-16T19:35:55.588000Z,2023-10-22T09:18:19.009000Z,2023-10-16T19:35:56.182532Z,4723.0,C1EYG692,173,"Polish, English",24,Male,White,Poland,Poland,Poland,Polish,Yes,Full-Time,
652d7c677b918d7d09ac8e85,545d347afdf99b7f9fca22c7,APPROVED,2023-10-16T18:09:46.999000Z,2023-10-16T19:16:12.903000Z,2023-10-22T09:18:19.381000Z,2023-10-16T19:16:13.355331Z,3986.0,C1EYG692,1805,English,33,Male,White,United Kingdom,United Kingdom,United Kingdom,English,No,Full-Time,
652d7c67ba7e04bddb03bc22,65089e7ce53888b0b3840c62,APPROVED,2023-10-16T18:13:48.146000Z,2023-10-16T19:21:52.789000Z,2023-10-22T09:18:19.520000Z,2023-10-16T19:21:53.296552Z,4085.0,C1EYG692,21,"English, Hungarian",19,Male,White,Hungary,Hungary,Hungary,Hungarian,Yes,Part-Time,
652d7d64bb39b693dabc49ce,5b222aff59f9620001c109cb,APPROVED,2023-10-16T18:15:32.700000Z,2023-10-16T19:24:46.298000Z,2023-10-22T09:18:19.763000Z,2023-10-16T19:24:46.778604Z,4154.0,C1EYG692,1087,"Finnish, English, Italian, Indonesian",30,Male,Mixed,Finland,Finland,Finland,Finnish,DATA_EXPIRED,DATA_EXPIRED,
652dab90ba7e04bddb03c673,5f600669b846780f0fe45709,APPROVED,2023-10-16T21:31:41.525000Z,2023-10-16T23:14:47.942000Z,2023-10-22T09:18:19.972000Z,2023-10-16T23:14:48.654512Z,6187.0,C1EYG692,985,"Greek, English",34,Male,White,Greece,Greece,Greece,Greek,No,Part-Time,
652dab91d86ef429e35bf2e1,6511f1f1490c9df9f8c7890e,APPROVED,2023-10-16T21:30:57.081000Z,2023-10-16T23:09:49.811000Z,2023-10-22T09:18:20.164000Z,2023-10-16T23:09:50.233219Z,5933.0,C1EYG692,29,"English, German, Polish, Spanish",18,Male,White,Poland,Poland,Poland,Polish,Yes,Full-Time,
652dab93988381bd90607f75,6053719d079d1352f4d7fa32,RETURNED,2023-10-16T21:31:48.473000Z,,,2025-05-21T22:26:31.714871Z,,,435,CONSENT_REVOKED,CONSENT_REVOKED,CONSENT_REVOKED,CONSENT_REVOKED,CONSENT_REVOKED,CONSENT_REVOKED,CONSENT_REVOKED,CONSENT_REVOKED,CONSENT_REVOKED,CONSENT_REVOKED,Not Applicable
652dab9404240f11166d6386,59dbbdce5de9b000017ebf19,RETURNED,2023-10-16T21:42:00.017000Z,,,2025-05-21T22:26:31.716162Z,,,1262,CONSENT_REVOKED,CONSENT_REVOKED,CONSENT_REVOKED,CONSENT_REVOKED,CONSENT_REVOKED,CONSENT_REVOKED,CONSENT_REVOKED,CONSENT_REVOKED,CONSENT_REVOKED,CONSENT_REVOKED,Not Applicable
652dab94f91582ce3e16cf5c,5c92f797803bff0017fef8dd,APPROVED,2023-10-16T21:31:30.338000Z,2023-10-16T22:57:28.496000Z,2023-10-22T09:18:20.351000Z,2023-10-16T22:57:28.958397Z,5159.0,C1EYG692,1244,English,29,Male,White,United Kingdom,United Kingdom,United Kingdom,English,No,Part-Time,
652dae285a429b440337cdc2,613ab0960ff3efd039adf1e0,RETURNED,2023-10-16T21:43:03.070000Z,,,2025-05-21T22:26:31.732807Z,,,798,CONSENT_REVOKED,CONSENT_REVOKED,CONSENT_REVOKED,CONSENT_REVOKED,CONSENT_REVOKED,CONSENT_REVOKED,CONSENT_REVOKED,CONSENT_REVOKED,CONSENT_REVOKED,CONSENT_REVOKED,Not Applicable
652db0a604240f11166d649f,60b6c415dbda3236ea22455a,APPROVED,2023-10-16T21:58:56.711000Z,2023-10-17T00:49:55.332000Z,2023-10-22T09:18:20.521000Z,2023-10-17T00:49:56.009206Z,10259.0,C1EYG692,662,"English, Turkish",32,Female,White,Turkey,Spain,Turkey,Turkish,Yes,Unemployed (and job seeking),
652dbb2d96885869240eb1dd,634fde191ed73d0409412077,APPROVED,2023-10-16T22:38:32.355000Z,2023-10-17T00:21:49.853000Z,2023-10-22T09:18:20.722000Z,2023-10-17T00:21:50.366340Z,6198.0,C1EYG692,1243,English,31,Male,Black,Nigeria,United Kingdom,Nigeria,English,Yes,Full-Time,
652ddd940f1b5733a3d1e3ec,57bfc1beef05670001ee84c2,APPROVED,2023-10-17T01:04:49.020000Z,2023-10-17T01:59:00.466000Z,2023-10-22T09:18:20.885000Z,2023-10-17T01:59:01.069409Z,3252.0,C1EYG692,4699,"English, Spanish",28,Male,White,United States,United States,United States,English,Yes,Full-Time,
652ddd942c94536d1d608530,608f39d2c76e436967135846,APPROVED,2023-10-17T01:04:24.272000Z,2023-10-17T02:31:16.254000Z,2023-10-22T09:18:21.100000Z,2023-10-17T02:31:16.949872Z,5212.0,C1EYG692,2782,English,30,Male,White,United States,United States,United States,English,No,Full-Time,
652ddd942c94536d1d608531,5bc880109f7801000148601b,APPROVED,2023-10-17T01:04:45.504000Z,2023-10-17T02:05:21.984000Z,2023-10-22T09:18:21.259000Z,2023-10-17T02:05:22.416627Z,3637.0,C1EYG692,903,"French, English, Indonesian",36,Male,Mixed,India,Australia,Australia,English,DATA_EXPIRED,Full-Time,
652ddd95e2a20f7f12621542,5c5b31c415f6c30001de2df5,APPROVED,2023-10-17T01:04:21.017000Z,2023-10-17T02:13:34.488000Z,2023-10-22T09:18:21.423000Z,2023-10-17T02:13:34.977946Z,4154.0,C1EYG692,640,"English, Portuguese",23,Male,Mixed,United Kingdom,Portugal,United Kingdom,English,No,Unemployed (and job seeking),
652ddd975a429b440337d737,5befb6e27c387400016983bf,APPROVED,2023-10-17T01:04:23.146000Z,2023-10-17T01:54:27.704000Z,2023-10-22T09:18:21.631000Z,2023-10-17T01:54:28.190985Z,3005.0,C1EYG692,5118,English,36,Male,White,United States,United States,United States,English,No,Full-Time,
65301e555fa9853996af2955,5dafea4de40355001651fa2f,APPROVED,2023-10-18T18:05:53.973000Z,2023-10-18T20:43:20.962000Z,2023-10-27T10:07:02.304000Z,2023-10-18T20:43:21.642988Z,9447.0,C1EYG692,1211,"English, Polish, German",29,Male,White,Poland,Poland,Poland,Polish,No,Full-Time,
65301e55d5dc2701fafb80e7,5e25529eab132b7bb83842f1,RETURNED,2023-10-18T18:05:09.910000Z,,,2025-05-21T22:26:31.720453Z,,,406,CONSENT_REVOKED,CONSENT_REVOKED,CONSENT_REVOKED,CONSENT_REVOKED,CONSENT_REVOKED,CONSENT_REVOKED,CONSENT_REVOKED,CONSENT_REVOKED,CONSENT_REVOKED,CONSENT_REVOKED,Not Applicable
65301e5642ae804b0c096a80,5d23460ad4c57900192b129c,REJECTED,2023-10-18T18:05:13.874000Z,2023-10-18T19:33:30.292000Z,2023-10-22T10:26:25.647000Z,2025-05-21T22:26:31.728857Z,5297.0,C1EYG692,4982,CONSENT_REVOKED,CONSENT_REVOKED,CONSENT_REVOKED,CONSENT_REVOKED,CONSENT_REVOKED,CONSENT_REVOKED,CONSENT_REVOKED,CONSENT_REVOKED,CONSENT_REVOKED,CONSENT_REVOKED,Not Applicable
65301e56e14417fe19f557e5,5fd85707af5bd719a5e20419,APPROVED,2023-10-18T18:14:20.923000Z,2023-10-18T20:07:01.215000Z,2023-10-22T09:18:21.783000Z,2023-10-18T20:07:02.578162Z,6761.0,C1EYG692,446,English,30,Male,White,Hungary,Hungary,Hungary,Hungarian,No,Full-Time,
65301e56e323e8f70d337a06,5dbc9261741450232111d080,APPROVED,2023-10-18T18:06:04.425000Z,2023-10-18T19:28:37.062000Z,2023-10-22T09:18:21.976000Z,2023-10-18T19:28:37.923605Z,4953.0,C1EYG692,255,English,32,Female,White,United Kingdom,United Kingdom,United Kingdom,English,No,Part-Time,
65301eb025f57ed0722ed1bf,613d0ef50abfe24aa600bc84,APPROVED,2023-10-18T18:08:09.040000Z,2023-10-18T20:09:09.882000Z,2023-10-22T09:18:22.188000Z,2023-10-18T20:09:10.419683Z,7261.0,C1EYG692,382,English,28,Female,Black,South Africa,South Africa,South Africa,English,Yes,Full-Time,
65304eede1bfb2c2ede036b5,5e76904f77df250833f17eac,RETURNED,2023-10-18T21:42:29.025000Z,,,2025-05-21T22:26:31.724873Z,,,576,CONSENT_REVOKED,CONSENT_REVOKED,CONSENT_REVOKED,CONSENT_REVOKED,CONSENT_REVOKED,CONSENT_REVOKED,CONSENT_REVOKED,CONSENT_REVOKED,CONSENT_REVOKED,CONSENT_REVOKED,Not Applicable
65304eee3dcdbaac1a9b5e44,5f50159de247cd17cf2ff86a,APPROVED,2023-10-18T21:32:33.518000Z,2023-10-18T22:44:05.087000Z,2023-10-22T09:18:22.427000Z,2023-10-18T22:44:05.559422Z,4292.0,C1EYG692,448,English,32,Female,White,United Kingdom,United Kingdom,United Kingdom,English,No,"Not in paid work (e.g. homemaker', 'retired or disabled)",
65304eee74614db7b6d316f7,5e60f63ee6385a000bcbffc9,APPROVED,2023-10-18T21:34:57.969000Z,2023-10-18T22:51:57.164000Z,2023-10-22T09:18:22.631000Z,2023-10-18T22:51:57.817812Z,4620.0,C1EYG692,1249,"English, Italian, French, Spanish",37,Male,White,Italy,Italy,Italy,Italian,No,Full-Time,
65304eee774aa2d9a309d3b0,605bb95e25fb0eb3edfe7c73,APPROVED,2023-10-18T21:32:30.412000Z,2023-10-18T22:40:33.807000Z,2023-10-22T09:18:22.872000Z,2023-10-18T22:40:34.372444Z,4084.0,C1EYG692,272,"Hungarian, English",24,Male,Mixed,Hungary,Hungary,Hungary,Hungarian,No,Unemployed (and job seeking),
65304eeed41c9804fea1cdc7,62eab7b53494af2a6cb73504,APPROVED,2023-10-18T21:32:36.288000Z,2023-10-18T22:59:18.679000Z,2023-10-22T09:18:23.030000Z,2023-10-18T22:59:19.213499Z,5203.0,C1EYG692,2829,English,33,Male,Other,United States,United States,United States,English,No,Part-Time,
65304f34ec0dc0451c38a5b4,6109cc913824a61acd911330,APPROVED,2023-10-18T21:34:32.471000Z,2023-10-18T22:57:40.146000Z,2023-10-22T09:18:23.200000Z,2023-10-18T22:57:40.710361Z,4988.0,C1EYG692,143,"English, Spanish, Portuguese",25,Female,White,Portugal,Portugal,Portugal,Portuguese,Yes,Unemployed (and job seeking),
6530a87f6375f45986915ea8,55a43c83fdf99b02ff6cb0aa,APPROVED,2023-10-19T03:54:42.835000Z,2023-10-19T05:21:51.261000Z,2023-10-22T09:18:23.409000Z,2023-10-19T05:21:51.769464Z,5229.0,C1EYG692,194,English,43,Male,White,United States,United States,United States,English,No,DATA_EXPIRED,
6530a882b021a776462b7dcd,5b97f70161c19e00018db4a8,APPROVED,2023-10-19T03:55:19.421000Z,2023-10-19T05:23:30.228000Z,2023-10-22T09:18:23.547000Z,2023-10-19T05:23:30.688677Z,5291.0,C1EYG692,6400,English,39,Male,Mixed,United States,United States,United States,English,No,Full-Time,
6530a88374614db7b6d324ea,5e9fdd5effe6a51855448d1b,APPROVED,2023-10-19T03:54:43.043000Z,2023-10-19T05:56:05.270000Z,2023-10-22T09:18:23.703000Z,2023-10-19T05:56:05.815581Z,7283.0,C1EYG692,523,"Spanish, English",26,Male,Mixed,Mexico,Mexico,Mexico,Spanish,Yes,Other,
6530a88384e21c29ef21e266,5e638770b45c641082fd309f,APPROVED,2023-10-19T03:55:30.894000Z,2023-10-19T05:39:30.498000Z,2023-10-22T09:18:23.926000Z,2023-10-19T05:39:30.982745Z,6240.0,C1EYG692,744,"English, Greek",40,Male,White,Greece,Greece,Greece,Greek,Yes,Part-Time,
6530a887612841b29da2607b,5658000ca9872d0011e1ba26,APPROVED,2023-10-19T03:54:47.883000Z,2023-10-19T05:26:18.530000Z,2023-10-22T09:18:24.127000Z,2023-10-19T05:26:19.062362Z,5491.0,C1EYG692,5794,English,34,Male,White,United States,United States,United States,English,No,Unemployed (and job seeking),
6532e3593f2214ca0c084b2c,6348845d31edff3dff1b7799,APPROVED,2023-10-20T20:30:17.211000Z,2023-10-20T21:48:15.299000Z,2023-10-22T09:54:48.606000Z,2023-10-20T21:48:16.403539Z,4679.0,C1EYG692,4402,English,24,Male,Asian,United States,United States,United States,English,Yes,Other,
6532e35eb64dfa47a207a06d,64d5323f567c88a7df95b47a,APPROVED,2023-10-20T20:30:26.165000Z,2023-10-20T22:08:46.709000Z,2023-10-22T09:54:48.763000Z,2023-10-20T22:08:47.172525Z,5901.0,C1EYG692,701,English,53,Male,Asian,Korea,United States,United States,English,No,Full-Time,
6532e35f3847273f3c9b3f01,5fcaa3f3d991a9748f8b9e1c,APPROVED,2023-10-20T20:30:32.233000Z,2023-10-20T21:59:26.437000Z,2023-10-22T09:54:48.902000Z,2023-10-20T21:59:27.000892Z,5335.0,C1EYG692,3541,English,49,Female,Black,United States,United States,United States,English,Yes,Due to start a new job within the next month,
6532e4937b5bbcbfa163e46f,6505e1d7baa4d89f7a2f3b53,APPROVED,2023-10-20T20:35:31.488000Z,2023-10-20T22:31:22.612000Z,2023-10-22T09:54:49.040000Z,2023-10-20T22:31:23.108132Z,6952.0,C1EYG692,60,"English, Polish, Esperanto, German",70,Male,White,Poland,Poland,Poland,Polish,No,Full-Time,
6532e49580f2b639d04bf16f,5e5fe64a8278d103d35cac54,APPROVED,2023-10-20T20:36:04.653000Z,2023-10-20T22:53:45.405000Z,2023-10-22T09:54:49.611000Z,2023-10-20T22:53:46.103761Z,8261.0,C1EYG692,2280,English,37,Male,White,United States,United States,United States,English,No,Full-Time,
6532e495bd3836d81cef482f,652985d179fb620c91ac14a1,APPROVED,2023-10-20T20:35:33.850000Z,2023-10-20T22:26:32.643000Z,2023-10-22T09:54:49.752000Z,2023-10-20T22:26:33.128114Z,6659.0,C1EYG692,20,"English, Polish, German",18,Male,White,Poland,Poland,Poland,Polish,Yes,Part-Time,
65331334f1aaa17144805b08,5e1f7b2a4c9b832b34e7c9d3,APPROVED,2023-10-20T23:54:43.142000Z,2023-10-21T01:17:37.374000Z,2023-10-22T09:54:49.901000Z,2023-10-21T01:17:37.945706Z,4975.0,C1EYG692,1893,English,32,Male,White,United States,United States,United States,English,DATA_EXPIRED,DATA_EXPIRED,
653313354c4cee106580561d,63474e67a5fd298c6103c409,APPROVED,2023-10-20T23:54:33.317000Z,2023-10-21T02:22:38.366000Z,2023-10-22T09:54:50.226000Z,2023-10-21T02:22:38.965299Z,8886.0,C1EYG692,2102,English,31,Male,White,United States,United States,United States,English,No,DATA_EXPIRED,
653313357986446bae37bb46,5cee69353057030001b33fc4,APPROVED,2023-10-20T23:55:03.542000Z,2023-10-21T00:56:35.615000Z,2023-10-22T09:54:50.427000Z,2023-10-21T00:56:36.120492Z,3693.0,C1EYG692,383,"French, English",29,Male,Mixed,Canada,Canada,Canada,English,Yes,Full-Time,
653319f68ba3fc333c6e0ffd,64a281f78c5be10f0f28e3ac,REJECTED,2023-10-21T00:23:42.525000Z,2023-10-21T01:37:31.759000Z,2023-10-22T09:49:18.461000Z,2025-05-21T22:26:31.732165Z,4430.0,C1EYG692,1787,CONSENT_REVOKED,CONSENT_REVOKED,CONSENT_REVOKED,CONSENT_REVOKED,CONSENT_REVOKED,CONSENT_REVOKED,CONSENT_REVOKED,CONSENT_REVOKED,CONSENT_REVOKED,CONSENT_REVOKED,Not Applicable
653319f8edf5a4bc51e6513d,62ef104b5e9352c2ead31fde,APPROVED,2023-10-21T00:23:25.088000Z,2023-10-21T01:50:26.399000Z,2023-10-22T09:54:50.611000Z,2023-10-21T01:50:26.893733Z,5222.0,C1EYG692,4805,English,59,Male,White,United States,United States,United States,English,No,DATA_EXPIRED,
653319f98aa91b35a2d3c1b3,63469effac5117e39352c13b,APPROVED,2023-10-21T00:23:24.124000Z,2023-10-21T01:34:49.043000Z,2023-10-22T09:54:50.820000Z,2023-10-21T01:34:49.491345Z,4285.0,C1EYG692,952,English,43,Male,White,Ireland,United Kingdom,Ireland,English,No,Full-Time,
6536b7046330bf9905d15652,605de3af48d7a575adb95b09,APPROVED,2023-10-23T18:13:06.148000Z,2023-10-23T20:08:36.896000Z,2023-10-27T05:01:50.100000Z,2023-10-23T20:08:37.415572Z,6931.0,C1EYG692,1078,English,23,Male,Asian,India,South Africa,India,English,No,Unemployed (and job seeking),
6536b704c61ffa70ae85d555,5cb20f2d7c917b00172dfef5,APPROVED,2023-10-23T18:10:50.499000Z,2023-10-23T19:39:50.828000Z,2023-10-27T05:01:50.427000Z,2023-10-23T19:39:51.279753Z,5341.0,C1EYG692,2000,"English, German",47,Male,White,Germany,United Kingdom,United Kingdom,English,DATA_EXPIRED,DATA_EXPIRED,
6536b7055014125c14abcfdf,6501b789e3ddbc0a0b79b925,APPROVED,2023-10-23T18:10:15.392000Z,2023-10-23T20:05:57.069000Z,2023-10-27T05:01:50.563000Z,2023-10-23T20:05:57.537068Z,6942.0,C1EYG692,31,English,22,Male,White,Canada,Canada,Canada,English,Yes,Part-Time,
6536b706b140279c322a8dfc,6505e90a3ea83031f55ee535,APPROVED,2023-10-23T18:10:14.249000Z,2023-10-23T20:58:27.917000Z,2023-10-27T05:01:50.700000Z,2023-10-23T20:58:28.744769Z,10094.0,C1EYG692,74,"French, English, German, Spanish, Polish",50,Female,White,Poland,Poland,Poland,Polish,Yes,Full-Time,
6536b706c4c205ed9b85d3df,614b55e22ff3944a165736bb,RETURNED,2023-10-23T18:21:00.077000Z,,,2025-05-21T22:26:31.724614Z,,,1119,CONSENT_REVOKED,CONSENT_REVOKED,CONSENT_REVOKED,CONSENT_REVOKED,CONSENT_REVOKED,CONSENT_REVOKED,CONSENT_REVOKED,CONSENT_REVOKED,CONSENT_REVOKED,CONSENT_REVOKED,Not Applicable
6536b7075e0b39f7f306e898,6124bc2ab4a7042465e1f558,APPROVED,2023-10-23T18:13:23.918000Z,2023-10-23T19:49:28.103000Z,2023-10-27T05:01:50.882000Z,2023-10-23T19:49:28.724055Z,5765.0,C1EYG692,506,"English, Urdu",28,Male,Asian,United Kingdom,United Kingdom,United Kingdom,English,No,Full-Time,
6536b707c61ffa70ae85d556,5e9915edc07682000a7a361f,APPROVED,2023-10-23T18:10:15.078000Z,2023-10-23T20:04:14.964000Z,2023-10-27T05:01:51.067000Z,2023-10-23T20:04:15.409911Z,6840.0,C1EYG692,316,"English, Portuguese, Spanish",22,Female,White,Portugal,Portugal,Portugal,Portuguese,No,Full-Time,
6536b98c5bd40a2408e2c6ca,640103805957bbf6a1326ed0,APPROVED,2023-10-23T18:21:40.118000Z,2023-10-23T19:57:29.145000Z,2023-10-27T05:01:51.245000Z,2023-10-23T19:57:29.601971Z,5750.0,C1EYG692,808,English,37,Male,Mixed,United Kingdom,United Kingdom,United Kingdom,English,No,Full-Time,
6536e5e356b316a8dc213bd6,5faeb56b25a37f01d47d326c,APPROVED,2023-10-23T21:30:11.906000Z,2023-10-23T21:59:49.923000Z,2023-10-27T05:01:51.378000Z,2023-10-23T21:59:50.432611Z,1779.0,NOCODE,43,"German, English",18,Male,White,Poland,Poland,Poland,Polish,Yes,Full-Time,
6536e5e4842c26b74ded49cf,6532c29eaced485bbd501188,TIMED-OUT,2023-10-23T21:30:12.214000Z,,,2025-05-21T22:26:31.729550Z,49769780.0,,211,"English, Dutch, German, French, Polish",30,Male,Mixed,Poland,Poland,Poland,Polish,DATA_EXPIRED,DATA_EXPIRED,Not Applicable
6536e5e56394b5e98f0dbfe3,5ea487ce2179512ba1456477,APPROVED,2023-10-23T21:30:26.677000Z,2023-10-23T22:24:16.138000Z,2023-10-27T05:01:51.569000Z,2023-10-23T22:24:16.638514Z,3230.0,C1EYG692,165,"Polish, English",24,Male,White,Poland,Poland,Poland,Polish,Yes,Unemployed (and job seeking),
6536e5e5eb5c185a5afc949b,612ce93565370e559b6a0a04,APPROVED,2023-10-23T21:30:19.960000Z,2023-10-23T23:26:44.759000Z,2023-10-27T05:01:51.747000Z,2023-10-23T23:26:45.337468Z,6985.0,C1EYG692,197,"English, Afrikaans",23,Male,Mixed,South Africa,South Africa,South Africa,English,Yes,Part-Time,
6536e5e64b7a66925cbc972f,5fdbd8a82fbe510db8935564,APPROVED,2023-10-23T21:32:09.126000Z,2023-10-23T23:08:37.199000Z,2023-10-27T05:01:51.930000Z,2023-10-23T23:08:37.614664Z,5789.0,C1EYG692,203,"Portuguese, English",21,Male,White,Portugal,Portugal,Portugal,Portuguese,Yes,Other,
6536e5e6f7e0d0d3b519ab59,6441795624090301ddeba81e,RETURNED,2023-10-23T21:40:14.469000Z,,,2025-05-21T22:26:31.730359Z,,,1189,CONSENT_REVOKED,CONSENT_REVOKED,CONSENT_REVOKED,CONSENT_REVOKED,CONSENT_REVOKED,CONSENT_REVOKED,CONSENT_REVOKED,CONSENT_REVOKED,CONSENT_REVOKED,CONSENT_REVOKED,Not Applicable
6536e5e79d95f5d738d7bfed,5f8cbc5c355ea745e6cef2ca,APPROVED,2023-10-23T21:30:15.060000Z,2023-10-23T22:26:07.110000Z,2023-10-27T05:01:52.128000Z,2023-10-23T22:26:07.667109Z,3353.0,C1EYG692,3811,"English, Spanish, French",39,Female,White,Mexico,United States,United States,Spanish,No,Unemployed (and job seeking),
6536e5fa7c7c4adf9af994e5,5f3287b83428cb05746e2214,APPROVED,2023-10-23T21:31:44.866000Z,2023-10-23T22:56:40.687000Z,2023-10-27T05:01:52.309000Z,2023-10-23T22:56:41.210351Z,5096.0,C1EYG692,1022,English,35,Female,Black,Zimbabwe,South Africa,Zimbabwe,English,No,Full-Time,
653713917539f3a8b2ed4e10,63039f41fa5c21d483996be2,TIMED-OUT,2023-10-24T00:45:10.171000Z,,,2025-05-21T22:26:31.733623Z,49758082.0,,2877,English,44,Male,White,United Kingdom,United Kingdom,United Kingdom,English,No,Full-Time,Not Applicable
653719c6d9d656552bdce76e,5cea73210b20970001acee5f,RETURNED,2023-10-24T01:21:34.973000Z,,,2025-05-21T22:26:31.734050Z,,,3473,CONSENT_REVOKED,CONSENT_REVOKED,CONSENT_REVOKED,CONSENT_REVOKED,CONSENT_REVOKED,CONSENT_REVOKED,CONSENT_REVOKED,CONSENT_REVOKED,CONSENT_REVOKED,CONSENT_REVOKED,Not Applicable
653719c75339076dc9aee69d,6267c3d17f88988d0d787c7f,APPROVED,2023-10-24T01:11:35.204000Z,2023-10-24T03:07:46.209000Z,2023-10-27T05:01:52.504000Z,2023-10-24T03:07:46.776083Z,6972.0,C1EYG692,2914,"English, Tagalog-Filipino",51,Male,Asian,Philippines,United States,United States,Tagalog-Filipino,No,Full-Time,
653719d08e89f49b8ea6dd65,627809c52874925390a423a6,APPROVED,2023-10-24T01:11:53.961000Z,2023-10-24T03:40:13.342000Z,2023-10-27T05:01:52.643000Z,2023-10-24T03:40:13.862623Z,8900.0,C1EYG692,2822,English,31,Female,White,United States,United States,United States,English,No,Full-Time,
653719f1a684483003a6d8ef,633fadee5fc02d5c5e7c8eec,APPROVED,2023-10-24T01:12:23.769000Z,2023-10-24T02:41:10.476000Z,2023-10-27T05:01:52.778000Z,2023-10-24T02:41:11.046674Z,5327.0,NOCODE,1711,English,35,Male,White,United States,United States,United States,English,DATA_EXPIRED,Full-Time,
65371a100df206464514dbd9,644485d4cbe90aa83cb34c14,TIMED-OUT,2023-10-24T01:12:54.188000Z,,,2025-05-21T22:26:31.725119Z,49756418.0,,843,DATA_EXPIRED,DATA_EXPIRED,DATA_EXPIRED,DATA_EXPIRED,DATA_EXPIRED,DATA_EXPIRED,DATA_EXPIRED,DATA_EXPIRED,DATA_EXPIRED,DATA_EXPIRED,Not Applicable
65371a347aeec2804b19b192,599e1bb6c6dab70001403c52,APPROVED,2023-10-24T01:13:29.535000Z,2023-10-24T02:43:48.443000Z,2023-10-27T05:01:52.910000Z,2023-10-24T02:43:49.062250Z,5419.0,C1EYG692,1260,English,39,Female,Black,United States,United States,United States,English,DATA_EXPIRED,Full-Time,
653741786330bf9905d16cb3,62effa539a08b7896593d694,APPROVED,2023-10-24T04:01:51.722000Z,2023-10-24T05:48:13.427000Z,2023-10-27T05:01:53.066000Z,2023-10-24T05:48:13.945029Z,6382.0,C1EYG692,1952,English,33,Male,White,United States,United States,United States,English,DATA_EXPIRED,DATA_EXPIRED,
6537486ecb5b206227cf55a5,6103ecb1690fefebc124b869,APPROVED,2023-10-24T04:32:00.508000Z,2023-10-24T06:39:41.805000Z,2023-10-27T06:50:23.653000Z,2025-05-21T22:26:31.728685Z,7662.0,C1EYG692,849,"Afrikaans, English",58,Male,White,South Africa,South Africa,South Africa,Afrikaans,No,Full-Time,Not Applicable
65395919ad18598213a44468,6135e7b5cee1fa986fd5aebf,APPROVED,2023-10-25T18:07:04.656000Z,2023-10-25T19:06:50.716000Z,2023-10-27T05:01:53.196000Z,2023-10-25T19:06:51.157717Z,3587.0,C1EYG692,213,English,24,Male,White,United Kingdom,United Kingdom,United Kingdom,English,No,DATA_EXPIRED,
65395926818c6c73b3e8af30,64401360c45f52531fde4aa6,APPROVED,2023-10-25T18:06:30.030000Z,2023-10-25T21:13:11.518000Z,2023-10-27T05:01:53.336000Z,2023-10-25T21:13:12.434138Z,11202.0,C1EYG692,1485,"English, Spanish",20,Male,Mixed,United States,United States,United States,English,Yes,Full-Time,
653959399b042f83f13ed128,610c3dca3aa9f75d7057307d,RETURNED,2023-10-25T18:07:54.424000Z,,,2025-05-21T22:26:31.735643Z,,,711,CONSENT_REVOKED,CONSENT_REVOKED,CONSENT_REVOKED,CONSENT_REVOKED,CONSENT_REVOKED,CONSENT_REVOKED,CONSENT_REVOKED,CONSENT_REVOKED,CONSENT_REVOKED,CONSENT_REVOKED,Not Applicable
6539595687ee7f89125a1fb1,55d4d11258c35800113dc2ab,RETURNED,2023-10-25T18:07:59.232000Z,,,2025-05-21T22:26:31.729254Z,,,4831,CONSENT_REVOKED,CONSENT_REVOKED,CONSENT_REVOKED,CONSENT_REVOKED,CONSENT_REVOKED,CONSENT_REVOKED,CONSENT_REVOKED,CONSENT_REVOKED,CONSENT_REVOKED,CONSENT_REVOKED,Not Applicable
6539595cd7b79b6ee6b82232,60bab9f865afc7f8435a99d8,RETURNED,2023-10-25T18:07:29.577000Z,,,2025-05-21T22:26:31.744729Z,,,3136,CONSENT_REVOKED,CONSENT_REVOKED,CONSENT_REVOKED,CONSENT_REVOKED,CONSENT_REVOKED,CONSENT_REVOKED,CONSENT_REVOKED,CONSENT_REVOKED,CONSENT_REVOKED,CONSENT_REVOKED,Not Applicable
653959b74e3c11d146f37077,65257c1a7780ceee7f6ef9bd,APPROVED,2023-10-25T18:08:55.462000Z,2023-10-25T19:59:59.134000Z,2023-10-27T05:01:53.469000Z,2023-10-25T19:59:59.949849Z,6664.0,C1EYG692,28,"Chinese, Dutch, English, French, German, Polish, Spanish",18,Male,White,Poland,Poland,Poland,Polish,Yes,Full-Time,
653959efa697f19d461f2837,64e76ad4ce316de314ca559b,RETURNED,2023-10-25T18:09:54.188000Z,,,2025-05-21T22:26:31.745748Z,,,1144,CONSENT_REVOKED,CONSENT_REVOKED,CONSENT_REVOKED,CONSENT_REVOKED,CONSENT_REVOKED,CONSENT_REVOKED,CONSENT_REVOKED,CONSENT_REVOKED,CONSENT_REVOKED,CONSENT_REVOKED,Not Applicable
65396488e2df8c95292d1655,5f84e472052cf81ae5752252,APPROVED,2023-10-25T18:55:10.434000Z,2023-10-25T19:50:12.555000Z,2023-10-27T05:01:53.606000Z,2023-10-25T19:50:13.019173Z,3303.0,C1EYG692,1908,"English, French",33,Female,White,United Kingdom,United Kingdom,United Kingdom,English,Yes,Full-Time,
65396f4ab5cc6667326c1bd5,605cda6ab776aa5c6e301b8c,APPROVED,2023-10-25T19:41:52.126000Z,2023-10-25T20:46:23.837000Z,2023-10-27T05:01:53.738000Z,2023-10-25T20:46:24.350896Z,3872.0,C1EYG692,259,"Polish, English",21,Male,White,Poland,Poland,Poland,Polish,Yes,Part-Time,
65398a8382c7c0bf2f63045c,60ef5b1cf52939a80af77543,APPROVED,2023-10-25T21:41:03.204000Z,2023-10-25T23:12:14.117000Z,2023-10-27T05:01:53.927000Z,2023-10-25T23:12:14.596960Z,5471.0,C1EYG692,562,"Hungarian, English",20,Male,White,Hungary,Hungary,Hungary,Hungarian,Yes,Other,
65398a84d2550153094efb5d,60e2ebb6ad1d5ee0e515a7c5,RETURNED,2023-10-25T21:37:28.591000Z,,,2025-05-21T22:26:31.758913Z,,,840,CONSENT_REVOKED,CONSENT_REVOKED,CONSENT_REVOKED,CONSENT_REVOKED,CONSENT_REVOKED,CONSENT_REVOKED,CONSENT_REVOKED,CONSENT_REVOKED,CONSENT_REVOKED,CONSENT_REVOKED,Not Applicable
65398a86dc8ae01a3dde0b34,64933010b2c7da9cc8cfc175,APPROVED,2023-10-25T21:37:10.805000Z,2023-10-25T23:14:03.718000Z,2023-10-27T05:01:54.125000Z,2023-10-25T23:14:04.206987Z,5813.0,C1EYG692,93,"English, Polish",21,Female,White,Poland,Poland,Poland,Polish,Yes,Other,
65398a86ee1b59fc5e70a0fe,5e8f740429529124dfc3e7a5,APPROVED,2023-10-25T21:37:10.462000Z,2023-10-25T23:10:39.148000Z,2023-10-27T05:01:54.254000Z,2023-10-25T23:10:39.587000Z,5609.0,C1EYG692,630,"Polish, English",23,Male,White,Poland,Poland,Poland,Polish,Yes,Unemployed (and job seeking),
65398a894ada72d2eab79a12,60fd34d68de7efbcd7de57a0,APPROVED,2023-10-25T21:39:24.715000Z,2023-10-25T23:30:18.948000Z,2023-10-27T05:01:54.446000Z,2023-10-25T23:30:19.385984Z,6655.0,C1EYG692,38,"Slovenian, English",22,Female,White,Slovenia,Slovenia,Slovenia,Slovenian,Yes,Other,
65398a8977cd7c24b47fd989,63b2d04ed0f53f75de4ba38e,RETURNED,2023-10-25T21:37:50.516000Z,,,2025-05-21T22:26:31.745795Z,,,1909,CONSENT_REVOKED,CONSENT_REVOKED,CONSENT_REVOKED,CONSENT_REVOKED,CONSENT_REVOKED,CONSENT_REVOKED,CONSENT_REVOKED,CONSENT_REVOKED,CONSENT_REVOKED,CONSENT_REVOKED,Not Applicable
65398a89bb4ee4d6ffe9fe10,64543fa5dfed1d0ba8024957,APPROVED,2023-10-25T21:37:49.572000Z,2023-10-25T23:03:52.350000Z,2023-10-27T05:01:54.642000Z,2023-10-25T23:03:52.838001Z,5163.0,C1EYG692,126,"Dutch, English",31,Male,White,Netherlands,Netherlands,Netherlands,Dutch,No,Full-Time,
65398d8739dcba3f616d3d12,65084f8c8bc1b8a8298ceb15,APPROVED,2023-10-25T21:50:38.674000Z,2023-10-25T21:59:39.726000Z,2023-10-27T05:01:54.846000Z,2023-10-25T21:59:40.155072Z,542.0,NOCODE,68,English,35,Male,Black,Nigeria,United Kingdom,Nigeria,English,Yes,Part-Time,
6539a12bd9ae0552c3ed8513,648b962b8fdb1fa686213ac1,APPROVED,2023-10-25T23:13:47.895000Z,2023-10-26T01:46:11.113000Z,2023-10-27T05:01:55.045000Z,2023-10-26T01:46:11.722558Z,9144.0,C1EYG692,103,"English, Spanish",23,Male,Mixed,Chile,Chile,Chile,Spanish,Yes,Part-Time,
6539e2e157154380200b8061,5eb693937a030e5923b44068,RETURNED,2023-10-26T03:54:13.735000Z,,,2025-05-21T22:26:31.758786Z,,,4389,CONSENT_REVOKED,CONSENT_REVOKED,CONSENT_REVOKED,CONSENT_REVOKED,CONSENT_REVOKED,CONSENT_REVOKED,CONSENT_REVOKED,CONSENT_REVOKED,CONSENT_REVOKED,CONSENT_REVOKED,Not Applicable
6539e2e83e7f176cee8be592,5e872f5b3a32c337ba65aa68,RETURNED,2023-10-26T03:54:16.705000Z,,,2025-05-21T22:26:31.742356Z,,,3356,CONSENT_REVOKED,CONSENT_REVOKED,CONSENT_REVOKED,CONSENT_REVOKED,CONSENT_REVOKED,CONSENT_REVOKED,CONSENT_REVOKED,CONSENT_REVOKED,CONSENT_REVOKED,CONSENT_REVOKED,Not Applicable
6539e2e89e5c09047e771999,630cc9747cb664e8a03c29f0,APPROVED,2023-10-26T03:54:40.699000Z,2023-10-26T04:55:53.071000Z,2023-10-27T05:01:55.181000Z,2023-10-26T04:55:53.503466Z,3673.0,C1EYG692,2587,English,35,Male,White,United States,United States,United States,English,No,Full-Time,
6539e2e99d4f148ea4ccada2,5721b3054d5b26001301f651,APPROVED,2023-10-26T03:54:17.558000Z,2023-10-26T05:14:36.778000Z,2023-10-27T05:01:55.328000Z,2023-10-26T05:14:37.279610Z,4820.0,C1EYG692,1818,English,34,Male,Asian,Australia,Australia,India,English,No,Full-Time,
6539e2eaeaf334956d431b76,5e395ff3283751000b11e6a8,APPROVED,2023-10-26T03:54:18.888000Z,2023-10-26T05:20:10.175000Z,2023-10-27T05:01:55.460000Z,2023-10-26T05:20:10.676769Z,5152.0,C1EYG692,287,English,22,Male,White,Canada,Canada,Canada,English,Yes,Unemployed (and job seeking),
6539e2f23e7f176cee8be593,5dd4767b32288646716dc98a,APPROVED,2023-10-26T03:54:46.376000Z,2023-10-26T05:07:23.546000Z,2023-10-27T05:01:55.599000Z,2023-10-26T05:07:23.989962Z,4358.0,C1EYG692,5193,"English, Hungarian, Spanish",50,Female,White,Ukraine,United States,United States,English,No,Part-Time,
6539e2f322efc0c44211b04d,5c6d60a581e1d50001627386,APPROVED,2023-10-26T03:54:45.339000Z,2023-10-26T05:01:17.804000Z,2023-10-27T05:01:55.737000Z,2023-10-26T05:01:18.252852Z,3993.0,C1EYG692,139,"English, Portuguese, Spanish",27,Male,White,Portugal,Portugal,Portugal,Portuguese,No,DATA_EXPIRED,
6539e334f2c428f59e8be62d,5fd7782dee03dc08d3f3f491,APPROVED,2023-10-26T03:55:32.820000Z,2023-10-26T05:20:38.063000Z,2023-10-27T05:01:55.931000Z,2023-10-26T05:20:38.554574Z,5106.0,C1EYG692,2975,"English, Armenian, Arabic",40,Male,White,United States,United States,United States,English,No,Part-Time,
6539e9e58f8936c1864b69a1,62dc6fd89dd8473b3671357e,APPROVED,2023-10-26T04:24:05.115000Z,2023-10-26T06:07:25.342000Z,2023-10-27T05:01:56.067000Z,2023-10-26T06:07:25.898223Z,6201.0,C1EYG692,1855,"Chinese, English",23,Male,Asian,China,United States,United States,English,Yes,Full-Time,
6826701b9f5cfac32fcff404,62b9c2f1e55fe9f17dfedc5d,APPROVED,2025-05-15T22:52:17.246000Z,2025-05-16T00:26:42.816000Z,2025-05-26T06:32:09.563000Z,2025-05-16T00:26:43.466051Z,5666.0,C1EYG692,7199,English,46,Female,Black,United States,United States,United States,English,No,Unemployed (and job seeking),Not Applicable
682bc9222424a193c4b83061,67001b28a9974a03b6ffec54,APPROVED,2025-05-20T00:13:32.930000Z,2025-05-20T01:45:00.118000Z,2025-05-26T06:32:13.149000Z,2025-05-20T01:45:00.810412Z,5488.0,C1EYG692,1383,English,35,Male,White,United States,United States,United States,English,No,DATA_EXPIRED,Not Applicable
682cdc7636e4a392e045ac68,677743bf62e157794cf97ff4,RETURNED,2025-05-20T19:49:19.773000Z,,,2025-05-21T22:26:31.751317Z,,,622,CONSENT_REVOKED,CONSENT_REVOKED,CONSENT_REVOKED,CONSENT_REVOKED,CONSENT_REVOKED,CONSENT_REVOKED,CONSENT_REVOKED,CONSENT_REVOKED,CONSENT_REVOKED,CONSENT_REVOKED,Not Applicable
682cdf4bda36e853ccc35cac,6723422d5f63c70998014b03,RETURNED,2025-05-20T20:00:14.580000Z,,,2025-05-21T22:26:31.775564Z,,,80,CONSENT_REVOKED,CONSENT_REVOKED,CONSENT_REVOKED,CONSENT_REVOKED,CONSENT_REVOKED,CONSENT_REVOKED,CONSENT_REVOKED,CONSENT_REVOKED,CONSENT_REVOKED,CONSENT_REVOKED,Not Applicable
682ceb31a705b6f94cc6d4b9,67d0052a3f36525d24f021be,APPROVED,2025-05-20T20:50:57.132000Z,2025-05-20T23:50:58.551000Z,2025-05-26T06:32:15.301000Z,2025-05-20T23:50:59.107552Z,10802.0,C1EYG692,62,"English, Afrikaans, Other",23,Male,Black,South Africa,South Africa,South Africa,English,Yes,Full-Time,Not Applicable
682d0833e66e6bab6b230734,6693d3ae2bd15cf7a058e6a7,APPROVED,2025-05-20T22:54:43.543000Z,2025-05-21T01:18:09.088000Z,2025-05-26T06:32:16.995000Z,2025-05-21T02:57:10.827203Z,8606.0,C1EYG692,52,English,23,Female,Black,South Africa,South Africa,South Africa,English,Yes,Full-Time,Not Applicable
682d08346f0cae38cb51edc8,681283131a28a131616dded5,APPROVED,2025-05-20T22:55:14.761000Z,2025-05-21T00:29:15.355000Z,2025-05-26T06:32:19.863000Z,2025-05-21T00:29:53.314070Z,5641.0,C1EYG692,65,"Afrikaans, English, Swahili",21,Male,Black,South Africa,South Africa,South Africa,Afrikaans,Yes,Full-Time,Not Applicable
682d08a6386432c4a5fe9873,68233bc9145d6c2926a4631d,APPROVED,2025-05-20T22:56:38.747000Z,2025-05-21T01:49:01.043000Z,2025-05-26T06:34:54.618000Z,2025-05-21T01:49:01.623574Z,10343.0,C1EYG692,3,"English, Afrikaans",42,Male,Black,United States,South Africa,United States,English,Yes,Full-Time,Not Applicable
682d871922804edc7e650e55,675b566662337f54d9e25c18,APPROVED,2025-05-21T07:56:13.816000Z,2025-05-21T10:36:31.435000Z,2025-05-26T06:34:56.615000Z,2025-05-21T10:36:32.842556Z,9618.0,C1EYG692,275,English,55,Male,White,Hungary,Hungary,Hungary,Hungarian,No,Unemployed (and job seeking),Not Applicable
682d8788eb69493d0b05b765,6825feb5cce9b0e19de20b5f,APPROVED,2025-05-21T07:58:00.153000Z,2025-05-21T10:07:02.621000Z,2025-05-26T06:40:52.017000Z,2025-05-21T22:26:31.746326Z,7743.0,C1EYG692,3,"English, Afrikaans",35,Female,Black,South Africa,South Africa,South Africa,English,Yes,Part-Time,Not Applicable
682d87da46ed28f7759f256c,67d83bf3b00663d7674f822d,APPROVED,2025-05-21T07:59:22.986000Z,2025-05-21T10:47:09.888000Z,2025-05-26T06:34:59.026000Z,2025-05-21T10:47:10.542116Z,10067.0,C1EYG692,99,English,30,Female,Black,South Africa,South Africa,South Africa,English,No,Full-Time,Not Applicable
682d882bd9e438761e7083fb,67d441fa9da9bacb9aeeaaef,APPROVED,2025-05-21T08:00:43.874000Z,2025-05-21T09:54:26.348000Z,2025-05-26T06:35:01.312000Z,2025-05-21T09:54:26.880489Z,6823.0,C1EYG692,16,English,42,Female,Black,South Africa,South Africa,South Africa,English,No,Full-Time,Not Applicable
